일시,광진구,동대문구,성동구,중랑구
20180101,169402,131468,83734,79208
20180102,297388,253008,221360,176584
20180103,305674,254006,229908,178836
20180104,308446,255366,230316,180656
20180105,324784,273170,238878,187342
20180106,263330,223812,155568,138488
20180107,192704,162144,106246,102182
20180108,302228,261172,224420,181964
20180109,307898,252344,229782,181058
20180110,313508,249166,230222,180608
20180111,294384,234264,220552,172752
20180112,301258,239714,224476,174050
20180113,261014,220626,156190,140136
20180114,198296,168476,109726,103752
20180115,305128,264046,226646,182198
20180116,307612,258180,229230,181010
20180117,318868,265104,237156,185066
20180118,315020,263618,233752,183878
20180119,328390,280510,242322,189738
20180120,269526,234232,162186,146456
20180121,199510,172762,110298,105706
20180122,302534,264552,225906,181112
20180123,292312,235980,223974,173864
20180124,283270,223398,216660,166838
20180125,285950,229644,216168,168628
20180126,294306,234450,220056,171806
20180127,241580,201066,151268,132168
20180128,187278,159978,104594,99110
20180129,292936,244498,217816,176062
20180130,314730,272490,242804,184146
20180131,313740,268208,234718,186664
20180201,310506,272276,232060,184548
20180202,326748,285986,239392,190774
20180203,263220,224014,158006,142840
20180204,187988,155366,103736,101150
20180205,294882,247956,223310,179134
20180206,299052,247378,225926,177632
20180207,310430,262122,233012,182678
20180208,314678,280236,235824,188188
20180209,327120,288254,240222,192376
20180210,262352,240402,161114,144154
20180211,193072,168616,105686,102080
20180212,307698,268942,228130,183516
20180213,314032,277158,236264,186006
20180214,315182,269876,227418,185048
20180215,135514,127412,78414,83052
20180216,109388,98866,58650,79560
20180217,158456,132096,83332,93260
20180218,179136,149708,96438,103006
20180219,301442,252578,217446,181368
20180220,318758,264562,237152,190056
20180221,325808,269344,242166,190458
20180222,335344,270096,244084,192702
20180223,340416,278726,248550,197566
20180224,287446,239448,181532,155878
20180225,217930,174520,122136,115898
20180226,321486,270702,237226,191108
20180227,322820,262634,238890,189616
20180228,325314,260530,243974,189270
20180301,225736,185076,137550,116854
20180302,324506,263836,234084,194092
20180303,287754,228042,173018,149286
20180304,200428,158612,114890,103482
20180305,326858,265792,243594,198406
20180306,335738,276650,248056,201920
20180307,337468,274858,248184,200750
20180308,332258,267646,244890,195158
20180309,347788,286506,257172,202812
20180310,302398,241178,183252,155730
20180311,230420,180244,123706,113994
20180312,328736,271364,241126,201346
20180313,338894,273900,249124,202522
20180314,354970,276630,255062,205154
20180315,324836,256806,242088,196080
20180316,359530,290058,260750,207374
20180317,320662,245926,191034,160152
20180318,245810,187754,130502,116850
20180319,321968,262092,239156,196620
20180320,334256,273318,248780,201942
20180321,324200,262512,244364,196884
20180322,338788,279738,252128,203496
20180323,358230,293070,261366,207610
20180324,308302,245582,189518,160150
20180325,229506,179944,123380,113968
20180326,324564,272014,241264,200302
20180327,334368,274214,251212,203348
20180328,343818,279646,255630,204724
20180329,340866,279352,248870,202470
20180330,362232,293138,262936,209396
20180331,310956,240964,182632,157202
20180401,219260,172340,120426,112552
20180402,332318,273380,243846,201504
20180403,340288,274660,249478,202826
20180404,339510,272476,251908,201338
20180405,324352,258256,243770,195486
20180406,353870,285422,260652,205640
20180407,316292,234492,192666,159722
20180408,218198,171586,124442,110186
20180409,328294,271386,244432,200672
20180410,338514,275804,251882,204518
20180411,340362,276854,252180,203902
20180412,346682,280224,251434,205664
20180413,356772,288692,258808,208186
20180414,278520,210584,164462,143210
20180415,228098,185190,133548,119770
20180416,326356,274774,242830,202762
20180417,334072,279382,247222,204198
20180418,334180,277650,246426,204302
20180419,332746,276220,245834,203104
20180420,346606,285008,249146,207040
20180421,301552,241548,180572,158984
20180422,198416,163162,106960,105342
20180423,296010,239780,224160,185792
20180424,324128,270456,243690,200748
20180425,341734,285074,254784,205300
20180426,349276,282248,254100,206408
20180427,371470,286660,265512,209758
20180428,335462,246358,196870,161892
20180429,245344,182794,130258,119364
20180430,340840,276228,242478,204576
20180501,297380,226540,182138,159588
20180502,326352,261062,245784,197370
20180503,343004,278438,250600,205784
20180504,381962,301728,270632,212040
20180505,307700,220006,163268,149068
20180506,198856,154200,108286,103706
20180507,264748,201908,147150,131810
20180508,332416,275258,248356,205544
20180509,343596,280094,253634,207460
20180510,348550,281588,258598,207448
20180511,373020,292680,265394,213708
20180512,271028,224636,173144,144204
20180513,245488,186546,131562,119236
20180514,333822,276096,248652,204382
20180515,362606,280216,259800,209188
20180516,320180,248356,240054,193566
20180517,321742,257524,245054,196850
20180518,357026,285420,264358,213434
20180519,345608,253456,201994,186940
20180520,253762,187518,138892,138336
20180521,346368,272790,237724,202036
20180522,254766,193296,144842,128730
20180523,336956,276926,249686,207166
20180524,344746,277988,254694,205788
20180525,405660,290444,266774,212358
20180526,326372,244638,202486,163966
20180527,242536,180198,131872,119330
20180528,328560,272346,245974,201850
20180529,329842,270670,246734,201924
20180530,336538,273400,253190,205074
20180531,336058,273136,250400,204994
20180601,354012,282934,260352,207452
20180602,308044,234608,183960,155600
20180603,227572,173998,124760,114314
20180604,322874,268134,238602,199590
20180605,343038,275634,251754,205856
20180606,259744,191382,144232,127554
20180607,330168,271044,245850,201432
20180608,346526,282656,254460,204894
20180609,288648,229984,175206,152206
20180610,211514,169874,115722,108968
20180611,315690,265468,234838,199206
20180612,338130,272892,248754,204580
20180613,239128,191842,147038,132426
20180614,320720,264526,238588,199728
20180615,340150,284752,253966,203248
20180616,286686,232486,175018,154142
20180617,208916,171280,121382,111722
20180618,314408,265418,237534,196184
20180619,320482,267808,243608,197782
20180620,329986,271888,247968,198288
20180621,339402,275014,250290,198072
20180622,350190,281978,259114,203836
20180623,303602,235754,184298,155482
20180624,218380,169018,123610,108556
20180625,318530,268150,240484,190330
20180626,290332,234540,226472,175800
20180627,321454,269184,246278,190022
20180628,313298,265236,240702,187628
20180629,334232,279382,250266,196666
20180630,253976,218194,158128,138614
20180701,167234,131852,96786,89546
20180702,292028,243690,226810,178834
20180703,313412,263242,240156,188100
20180704,320862,265258,244664,189744
20180705,320380,265952,241860,190862
20180706,343102,282862,255956,198702
20180707,295558,234240,180456,151932
20180708,221838,175774,121344,111330
20180709,302354,252234,231810,183452
20180710,322016,262956,243986,189486
20180711,322916,263530,244784,189232
20180712,324598,268142,244988,192860
20180713,340868,278394,252464,197796
20180714,282512,226578,166668,146860
20180715,213926,168328,117608,109620
20180716,307684,256388,232408,182898
20180717,314876,258932,238136,186152
20180718,316998,258186,241170,187688
20180719,315844,258466,241964,188152
20180720,332268,268644,249292,193918
20180721,268954,212990,159992,140278
20180722,199556,158372,109436,102444
20180723,304166,252180,227410,181144
20180724,303022,248050,232500,181030
20180725,309442,256804,237654,183190
20180726,306372,257122,236500,183740
20180727,315968,263058,239998,185410
20180728,241318,199604,151526,135804
20180729,191402,158984,108616,100834
20180730,292782,244972,220202,172940
20180731,294480,241554,223834,172636
20180801,285818,234506,213720,167424
20180802,282738,232402,209168,163868
20180803,286968,240390,211486,168706
20180804,233866,194510,137734,122916
20180805,185668,152198,104906,96858
20180806,283698,234306,212164,169478
20180807,297400,240044,221612,173774
20180808,301426,244074,225352,176226
20180809,294704,244102,225240,175066
20180810,313442,258902,235688,181956
20180811,253586,209962,155794,135960
20180812,195174,160116,110442,100770
20180813,293644,246372,218962,175542
20180814,309752,252224,231674,179760
20180815,218556,178790,128844,113422
20180816,304868,251406,229296,178456
20180817,324542,265414,241192,186940
20180818,272584,217314,161840,139268
20180819,208746,166506,117000,105294
20180820,302930,256408,228308,181488
20180821,308364,255174,235156,183574
20180822,322148,264060,240270,185316
20180823,282040,240732,220054,174026
20180824,280334,238512,216466,169190
20180825,288806,229270,179054,147682
20180826,202454,164790,112234,106016
20180827,305778,248116,226784,186622
20180828,304172,248450,231714,186336
20180829,303658,247330,234376,183468
20180830,318034,261246,240422,193736
20180831,339262,279600,249922,199374
20180901,287220,234260,181816,148526
20180902,218786,174156,123654,109688
20180903,299470,254214,237120,190782
20180904,328092,273954,252166,198938
20180905,333778,277202,252468,200670
20180906,328496,276040,250638,199054
20180907,349088,287754,263030,204558
20180908,306562,249080,188430,156376
20180909,234702,184700,124382,113462
20180910,326964,275028,244320,200120
20180911,328470,279356,253700,200796
20180912,332230,280868,251914,200856
20180913,332962,283142,253386,201742
20180914,347600,290354,263296,203526
20180915,298744,241366,180776,153990
20180916,209592,180930,121382,111192
20180917,322392,285650,245554,200716
20180918,330508,285544,252942,201408
20180919,332236,289510,256004,202292
20180920,330318,282808,254480,201732
20180921,344486,296416,259694,206508
20180922,239898,222132,143766,131160
20180923,150826,134862,81426,85246
20180924,129352,106304,66208,79494
20180925,178288,138994,91234,94180
20180926,207876,161624,112488,107058
20180927,313226,257416,235496,192612
20180928,337580,273400,253828,200606
20180929,292560,226520,175964,151402
20180930,219536,169820,122152,110340
20181001,316900,265588,243588,197158
20181002,337626,275752,256928,206272
20181003,257360,198664,153686,130390
20181004,330156,273274,251144,202204
20181005,329864,263468,252476,197646
20181006,256450,204692,168966,140510
20181007,231560,187934,135250,117146
20181008,333178,273328,239948,199838
20181009,246744,196042,151240,127736
20181010,322186,272142,249566,201204
20181011,326122,273668,251488,200680
20181012,345572,285104,260026,206650
20181013,308766,244202,192188,165072
20181014,238634,185194,132198,121792
20181015,315818,268640,245926,198976
20181016,324500,273692,250862,201974
20181017,324082,274896,250918,200596
20181018,333050,281342,257994,202800
20181019,349032,286668,259832,204652
20181020,302450,245294,193116,162920
20181021,232382,184416,138480,119822
20181022,315882,271502,242410,197902
20181023,313880,262774,244164,196618
20181024,324922,276448,251398,201206
20181025,333738,282198,251368,203416
20181026,335896,272492,257744,200350
20181027,310640,254486,206542,168454
20181028,205370,172462,126358,109912
20181029,316356,271194,246472,198550
20181030,324894,272346,251194,200456
20181031,328782,278616,257386,203196
20181101,328224,276688,254980,201324
20181102,346548,289720,263674,206436
20181103,301916,251444,192460,159222
20181104,233376,182704,136008,116876
20181105,318864,271186,247834,199382
20181106,323298,271936,249308,200348
20181107,323282,266968,252374,198240
20181108,313256,250402,246666,191778
20181109,345354,288366,264794,205466
20181110,288190,242278,187272,155998
20181111,210696,174226,123224,112514
20181112,319190,271570,246538,198952
20181113,323702,274062,252874,201792
20181114,331298,274860,256970,202994
20181115,331114,275024,253098,200580
20181116,345396,287498,270896,203810
20181117,320950,239952,190308,153404
20181118,215436,174758,127192,112332
20181119,316464,267554,244328,197230
20181120,326792,273132,250428,200444
20181121,322150,266836,249224,197572
20181122,336064,275422,256440,201794
20181123,340550,283394,260900,203544
20181124,291440,228200,189524,161288
20181125,213804,177442,135548,112780
20181126,321046,268376,244294,197422
20181127,321076,266446,249296,199158
20181128,328426,273308,252824,201676
20181129,324920,271880,253848,199020
20181130,340190,284730,262676,204722
20181201,284638,240526,181412,155940
20181202,206248,174896,127316,111596
20181203,306352,250084,235920,191856
20181204,320916,267532,246984,198518
20181205,322154,269658,252466,199356
20181206,329962,276088,250422,200602
20181207,335090,270348,254032,198266
20181208,267052,214794,167778,143742
20181209,188346,156186,113820,101836
20181210,311898,262024,237920,194868
20181211,320966,267854,246224,196670
20181212,326416,273390,251068,199904
20181213,335208,269834,254970,201808
20181214,345514,282764,258586,202756
20181215,282214,244586,173078,157016
20181216,202672,172184,115136,109724
20181217,315132,270730,243466,191592
20181218,327060,273658,253184,194498
20181219,333262,275738,256634,195170
20181220,356802,292558,273512,204232
20181221,364880,296452,269214,201718
20181222,294072,245636,180534,156770
20181223,221312,180900,120662,110304
20181224,332996,269624,236660,185284
20181225,231274,184080,130532,113522
20181226,328184,275494,248570,190034
20181227,316000,251490,240316,183582
20181228,323120,259124,242782,186412
20181229,250776,209290,149412,133176
20181230,193380,159674,107508,99156
20181231,297668,256128,205226,171862
20190101,166754,125202,83116,76644
20190102,300586,252464,227038,177832
20190103,312072,262066,237968,183722
20190104,326526,274626,245578,188826
20190105,263804,220782,157194,139908
20190106,196244,166004,109452,101966
20190107,305592,263366,235456,184574
20190108,310968,262820,238798,183888
20190109,309432,252830,237164,181772
20190110,315228,265724,241734,185514
20190111,328082,280046,247708,191974
20190112,269398,231420,161006,145844
20190113,199204,169470,108714,104826
20190114,301126,253856,226196,180736
20190115,308558,259262,236624,183560
20190116,309080,260034,238538,183216
20190117,315576,273390,241250,186482
20190118,326288,283944,248260,190954
20190119,270456,232682,163090,144808
20190120,201906,172398,111896,106544
20190121,303132,261540,231926,181846
20190122,310550,274150,240086,185000
20190123,315020,275060,242538,186386
20190124,318912,276078,244284,186624
20190125,329954,288892,251790,192370
20190126,272924,237946,170048,145260
20190127,202184,179792,114350,104972
20190128,305068,274256,235744,184948
20190129,312166,277852,241514,185958
20190130,316704,282448,246416,189124
20190131,315384,276818,241844,185876
20190201,318020,281614,238740,188100
20190202,224364,214448,130652,124770
20190203,146326,131420,83402,83078
20190204,118146,119890,66978,72938
20190205,106362,100042,58376,75850
20190206,156778,129580,85354,87532
20190207,290720,241912,219698,174102
20190208,315936,256080,238640,183730
20190209,257216,215476,154730,138104
20190210,193388,157348,106268,102182
20190211,311184,263292,236606,186370
20190212,318868,266786,244662,188808
20190213,323094,268260,247576,189674
20190214,327870,271800,251114,192922
20190215,333670,277462,257276,195566
20190216,303410,239186,180914,152352
20190217,213028,177230,121148,110648
20190218,312900,264762,240166,187884
20190219,313668,251108,243774,188622
20190220,324514,271218,250758,192146
20190221,327714,273324,253640,193336
20190222,352502,286704,259988,198384
20190223,291634,246464,189344,158198
20190224,223764,182178,128486,114370
20190225,317992,270680,244198,191892
20190226,328178,272178,254676,193032
20190227,326486,274686,252922,195458
20190228,336288,280182,255940,198126
20190301,252802,216178,155168,131638
20190302,261738,221244,154128,137714
20190303,210232,173300,121528,110334
20190304,323892,265594,250088,200038
20190305,325214,265490,250148,200182
20190306,328342,268960,255586,199794
20190307,341062,280488,261324,203514
20190308,353928,294856,270376,207224
20190309,306506,246340,189332,158194
20190310,224258,175550,125320,112176
20190311,326338,274440,250082,202350
20190312,326874,267764,253196,201704
20190313,331888,272910,258002,203012
20190314,338914,279124,259358,204292
20190315,345004,287786,266584,204910
20190316,299182,242274,185874,155986
20190317,242430,194562,142774,118182
20190318,326874,274446,250646,201152
20190319,336620,277344,256648,204154
20190320,322604,269408,253506,199276
20190321,333104,275258,258016,202126
20190322,352670,291812,269388,207534
20190323,288430,228426,182124,150698
20190324,228580,178196,129256,114170
20190325,321790,271036,249298,200684
20190326,335534,276246,255322,204370
20190327,334298,274204,256460,202716
20190328,338378,280028,259114,204422
20190329,356756,293288,270988,208856
20190330,270330,223364,177928,146452
20190331,210720,171178,126438,111016
20190401,324124,269968,251120,199086
20190402,328904,273688,255288,201810
20190403,334218,275764,258102,202712
20190404,336728,276606,257746,203756
20190405,356796,286634,267632,206804
20190406,294476,226210,184218,150084
20190407,267346,181836,145410,120588
20190408,332266,272262,251928,202454
20190409,322112,264320,253632,200812
20190410,325326,262332,251530,200038
20190411,342000,282564,258266,207084
20190412,363210,292576,273942,209724
20190413,338952,244648,206102,163566
20190414,195232,158188,119522,103034
20190415,325594,271928,250834,201864
20190416,330632,274380,255648,204886
20190417,335426,276838,255792,203586
20190418,319272,269642,251292,202298
20190419,341710,284076,262436,205258
20190420,307268,239296,183246,156986
20190421,216258,174418,121142,113548
20190422,322074,271120,247710,199868
20190423,318586,268302,250674,200242
20190424,328290,272524,257736,202024
20190425,326232,267434,257896,199656
20190426,351290,281582,266876,206074
20190427,342166,250506,201906,163718
20190428,236042,180442,133832,115676
20190429,334096,274592,255210,202668
20190430,355516,283876,269160,212824
20190501,309162,233018,185686,154776
20190502,356850,281004,265234,207810
20190503,378284,296250,281406,213482
20190504,359204,245948,193586,158342
20190505,264454,183456,141514,122336
20190506,267882,193248,152424,126746
20190507,335558,273406,261160,203644
20190508,333408,273584,261762,206284
20190509,347462,276518,266122,207814
20190510,376078,289542,281914,214394
20190511,328190,245390,204238,164248
20190512,264490,183960,138342,121638
20190513,324540,267746,253254,201380
20190514,341006,275100,264330,207048
20190515,357830,279916,274688,208988
20190516,352780,275290,261364,206438
20190517,366698,286412,274362,211256
20190518,326242,240246,196618,161080
20190519,204586,157082,121056,108282
20190520,332008,272336,257736,203814
20190521,339006,273236,260784,208492
20190522,339006,274962,262270,208888
20190523,340980,277076,261500,209536
20190524,360812,286580,272682,219660
20190525,318368,239744,206444,180082
20190526,248748,178114,140272,133704
20190527,307162,247892,243488,194000
20190528,338360,276916,259468,207114
20190529,336474,276064,261820,205044
20190530,335110,274332,260366,204984
20190531,355406,288352,270314,208086
20190601,315290,240406,190508,158478
20190602,230064,176612,130900,116900
20190603,321014,267256,251210,200898
20190604,328858,268686,256906,202972
20190605,346488,280820,265534,208982
20190606,236168,188254,145138,122216
20190607,308964,256096,231402,185310
20190608,286202,230566,174180,150628
20190609,203970,164770,117898,106758
20190610,313828,261920,241608,193980
20190611,326458,269466,252296,202546
20190612,330036,269414,255886,201542
20190613,329962,271562,255474,204052
20190614,341338,281796,260780,203362
20190615,302618,235298,181264,156946
20190616,214148,170132,131426,111940
20190617,318810,264012,248358,198088
20190618,317412,260432,249378,195144
20190619,324628,266724,256636,198030
20190620,341474,275022,262672,203108
20190621,347166,282226,270708,203238
20190622,310494,238964,202888,155686
20190623,232066,174554,134450,112400
20190624,322970,264558,251238,191324
20190625,330606,267970,257932,194372
20190626,326372,270600,255596,193878
20190627,321454,265690,253964,191500
20190628,335894,280458,263150,198236
20190629,267304,221404,175400,143956
20190630,215040,168462,127960,110864
20190701,314406,262076,244294,189722
20190702,322518,264510,255428,192542
20190703,324336,265760,256886,194218
20190704,328948,265386,256132,193528
20190705,340322,275436,264666,197976
20190706,289874,218888,174002,146588
20190707,215794,167164,123056,111474
20190708,315864,260970,242862,189516
20190709,329650,265818,255678,193220
20190710,320508,267034,254950,190634
20190711,320966,266984,251376,189406
20190712,345152,281250,264734,199246
20190713,283556,224876,174374,147114
20190714,215316,169088,123776,110054
20190715,302264,251726,241452,182808
20190716,319610,260052,251078,189062
20190717,322142,264662,254518,190330
20190718,324298,265626,252784,190650
20190719,338280,275598,265968,196126
20190720,280190,213158,166656,139432
20190721,199184,157800,117518,103348
20190722,311232,258656,245106,184992
20190723,313064,255174,249300,185772
20190724,309580,254450,246716,183136
20190725,305936,250910,244060,182442
20190726,304570,242424,239678,178886
20190727,253904,211122,163464,140038
20190728,179690,141012,103052,94200
20190729,302188,253184,233740,177796
20190730,303690,249244,238056,178956
20190731,290786,234810,227534,169760
20190801,303424,244008,230912,174376
20190802,309678,251940,233544,176078
20190803,240134,197202,148008,128252
20190804,184754,155044,111186,99148
20190805,289054,232764,223328,171592
20190806,299454,238874,229852,175364
20190807,300216,240750,231508,176282
20190808,310952,248274,238596,180884
20190809,319794,258916,244928,186028
20190810,254322,204582,161304,134686
20190811,196774,158826,112650,102076
20190812,284216,233666,224540,172650
20190813,308224,251932,242760,181432
20190814,318376,255294,248426,185604
20190815,198418,166334,127204,106822
20190816,302164,252410,228508,176022
20190817,255612,212666,157878,135154
20190818,208182,165268,120386,106408
20190819,306934,256442,238592,182904
20190820,317706,260584,246758,187704
20190821,313540,263572,251554,187020
20190822,320060,261720,248908,188210
20190823,336260,279226,258248,195392
20190824,292524,230342,184102,148554
20190825,217486,170580,121520,109730
20190826,313182,263600,242744,192176
20190827,314982,266022,247906,192898
20190828,323776,270366,253428,195916
20190829,310026,259120,245012,189920
20190830,340742,284724,265190,200370
20190831,302180,234702,183316,150290
20190901,224914,173972,128646,110414
20190902,324412,272932,250756,198224
20190903,325442,280922,257588,202122
20190904,315408,259888,253540,195026
20190905,312870,264048,251952,193986
20190906,338162,289798,265004,202916
20190907,186680,164966,119712,109324
20190908,212096,181838,121380,108296
20190909,321708,286734,253372,203660
20190910,316842,271858,257952,197418
20190911,334408,291572,252176,204064
20190912,151074,137260,90208,87934
20190913,135690,108138,73786,82740
20190914,172406,138838,95788,93262
20190915,196258,152442,108126,101756
20190916,310924,254034,242118,194454
20190917,327574,266378,259064,202826
20190918,334030,270196,261332,202978
20190919,337742,271620,263466,203308
20190920,357682,284388,274170,207614
20190921,305448,235858,198420,156132
20190922,192060,153904,112486,101098
20190923,327098,266700,253966,200806
20190924,335904,270638,264792,203040
20190925,337130,275036,267190,204456
20190926,336642,275042,264358,203642
20190927,353324,286254,273880,208000
20190928,320342,240812,204564,161638
20190929,235102,176422,138500,116690
20190930,323562,267620,252980,201286
20191001,325368,268694,259272,202024
20191002,328494,266478,266104,202328
20191003,241872,200194,154562,122274
20191004,347954,272798,253248,198352
20191005,301342,240698,194452,159598
20191006,227508,177702,129462,117940
20191007,300684,244426,239554,190972
20191008,343942,279722,268152,207342
20191009,262012,210486,162438,130442
20191010,324330,270294,255386,200846
20191011,344932,280816,268550,207932
20191012,303690,230322,201004,160562
20191013,233872,171890,134506,118172
20191014,322028,264200,251958,199190
20191015,325848,269808,260558,203920
20191016,320870,269034,257988,199370
20191017,326186,271094,256462,201496
20191018,342734,279934,266872,203906
20191019,307074,242532,197660,162392
20191020,225664,178668,135092,118218
20191021,313512,266364,250030,197806
20191022,321042,269226,257844,201128
20191023,320688,271158,257138,200528
20191024,328998,271678,261826,200814
20191025,357508,291148,275498,207334
20191026,318950,247920,208048,164722
20191027,238400,183894,142556,120334
20191028,321778,270850,255812,199984
20191029,324832,271416,260266,201534
20191030,327832,276526,264596,203492
20191031,330438,276664,262880,203214
20191101,346568,283852,270718,203618
20191102,294644,239142,195992,155770
20191103,231684,179520,138010,116358
20191104,318792,269636,255972,200258
20191105,327708,272928,263092,203534
20191106,329630,272398,266722,201920
20191107,330824,274868,266344,201858
20191108,345184,281854,276740,205520
20191109,294588,236862,201058,154708
20191110,216894,177626,131730,111562
20191111,314430,263040,250896,198052
20191112,321472,271056,259672,201632
20191113,319944,258754,258310,197340
20191114,325088,262302,258706,197950
20191115,331338,265984,259070,198138
20191116,314100,232604,192074,155734
20191117,193672,150322,118952,102224
20191118,316874,263056,252852,197294
20191119,320834,261950,257184,199366
20191120,325214,261430,258638,199106
20191121,327804,265512,262620,200890
20191122,341180,274052,271944,204524
20191123,298140,223936,195910,153920
20191124,206000,156212,134258,111204
20191125,315896,257180,251032,197652
20191126,327730,267876,259418,202536
20191127,329160,272246,263758,203380
20191128,328528,274116,264870,203016
20191129,342036,284408,275872,207072
20191130,286536,236452,190998,153414
20191201,192178,152052,124796,104434
20191202,312708,261298,248522,195204
20191203,316318,261258,254906,197664
20191204,324100,268278,259776,201222
20191205,323496,262262,259458,199888
20191206,331042,267110,262268,198724
20191207,274814,228168,181658,151450
20191208,202136,170230,130146,109410
20191209,313564,260250,244982,195460
20191210,323952,263674,255546,199878
20191211,328264,266682,259092,202408
20191212,333762,271302,263262,202018
20191213,346192,283192,270204,205992
20191214,295648,247380,190124,161988
20191215,212926,177306,127854,114138
20191216,323222,267756,250552,194476
20191217,322544,254986,256680,192652
20191218,336876,273944,266870,197148
20191219,339474,275262,268028,198668
20191220,360976,290420,282148,207708
20191221,300506,240564,195562,159900
20191222,226252,179692,130182,116068
20191223,328444,265656,257728,193404
20191224,363246,279636,272082,201204
20191225,242038,185164,139654,118396
20191226,324600,267232,254822,191090
20191227,340652,284938,263740,198510
20191228,277372,237428,170966,148632
20191229,206742,168708,122252,107390
20191230,319684,262730,243844,186878
20191231,313278,247610,228484,180382
20200101,165778,123320,89466,79942
20200102,299780,249944,234728,179984
20200103,320188,267436,250082,189354
20200104,260876,217950,162152,139658
20200105,197798,164280,114408,104172
20200106,301764,250096,241872,183500
20200107,296082,232998,237550,179320
20200108,313166,257476,250022,185482
20200109,318390,266508,251964,187884
20200110,331980,278864,260068,195286
20200111,272690,233060,174928,147366
20200112,206420,170868,120612,106714
20200113,304168,261818,240856,186416
20200114,313628,263992,248108,186088
20200115,317514,269240,254168,188152
20200116,318052,273476,252546,188662
20200117,330828,283922,259088,194622
20200118,272112,240066,177536,146518
20200119,201030,170200,119382,104996
20200120,309666,277372,246770,187534
20200121,311992,275988,251020,189190
20200122,318196,277972,251784,188710
20200123,303806,261900,236062,182466
20200124,138250,124246,82152,83294
20200125,112208,97554,59198,74928
20200126,152238,126804,84202,87498
20200127,160634,135326,94900,89938
20200128,272656,226548,223230,171996
20200129,288402,239030,239266,179852
20200130,289292,242222,240654,180366
20200131,292642,244690,244382,180464
20200201,214418,174762,143442,121360
20200202,157258,125352,98374,87776
20200203,271952,225986,225028,172642
20200204,275880,224904,229216,171712
20200205,267488,215512,227834,166498
20200206,265052,215010,224602,164190
20200207,280058,229804,233362,173088
20200208,208410,161236,139882,118328
20200209,157166,119390,97146,85558
20200210,270970,224562,223072,170108
20200211,282676,231380,233602,174334
20200212,271084,217604,229516,169038
20200213,288438,235376,237466,175956
20200214,304696,248434,247702,182866
20200215,234230,185826,155980,129464
20200216,167574,124688,102224,90682
20200217,280606,220470,230308,172036
20200218,283410,223278,233880,172718
20200219,286954,229826,229808,175268
20200220,281916,224584,224704,172624
20200221,280956,223908,219068,174566
20200222,186176,141374,118632,107416
20200223,131128,93824,77920,73034
20200224,231984,190152,192412,151110
20200225,214566,169698,182636,140290
20200226,216452,178874,185108,140680
20200227,213280,175454,180254,138126
20200228,204548,166334,172956,134800
20200229,132878,106958,87658,83716
20200301,92476,69056,56430,56544
20200302,201472,167348,171262,133100
20200303,202882,167872,173864,133222
20200304,201748,164254,171400,132048
20200305,205616,165068,173478,132142
20200306,216228,173966,178466,136836
20200307,147770,111342,94486,86922
20200308,116152,77736,65456,61224
20200309,216940,173188,177350,138780
20200310,204630,159874,174704,132632
20200311,217446,170478,181848,137550
20200312,216266,167566,178132,134556
20200313,222708,171506,182046,138000
20200314,158580,113070,102222,89952
20200315,112690,75568,66412,61468
20200316,212686,172254,176948,137362
20200317,213276,168386,178300,136088
20200318,225814,176428,183500,140466
20200319,208662,162936,175158,132680
20200320,236242,184732,190120,145640
20200321,172530,120790,107762,94152
20200322,134774,83216,73888,65378
20200323,221900,176656,177464,139718
20200324,226268,175548,184480,139788
20200325,232530,179622,187876,142630
20200326,217140,175184,182544,138686
20200327,234008,182278,192200,143350
20200328,178354,124716,112516,95486
20200329,136282,85746,78536,67520
20200330,225028,180322,184126,141548
20200331,227660,180042,187148,142268
20200401,229592,178208,189150,142970
20200402,229876,180982,189406,142120
20200403,239484,187488,197600,146704
20200404,180662,125976,119546,96330
20200405,129474,86754,81064,67246
20200406,224778,184642,186954,144914
20200407,229744,184752,191346,144996
20200408,230182,185456,192722,145642
20200409,230268,186522,191606,145566
20200410,241060,192910,198696,150038
20200411,179188,132840,116714,100776
20200412,128360,91618,75340,69186
20200413,229178,191196,186550,147242
20200414,242346,190308,198484,152270
20200415,162574,117102,106006,90074
20200416,234402,192424,194468,148392
20200417,231204,185048,192940,147138
20200418,197312,143748,128206,106174
20200419,122142,92010,74718,70386
20200420,229630,195290,191734,149760
20200421,237554,199726,198184,151210
20200422,236742,193906,196648,149794
20200423,242128,200736,200046,153752
20200424,255556,212578,210256,159488
20200425,197432,151948,131168,110036
20200426,152658,110554,90554,80294
20200427,242820,208726,200778,155902
20200428,250926,212024,205866,157684
20200429,264240,218722,215946,163334
20200430,189678,140874,119322,101388
20200501,195526,156284,124296,109196
20200502,185924,145042,117560,101864
20200503,148578,111584,87746,80514
20200504,238224,194980,176874,144306
20200505,170522,125924,102980,90658
20200506,261606,217114,209714,163324
20200507,267634,220172,213960,164072
20200508,268556,225386,217964,167144
20200509,170216,129152,112566,101302
20200510,149330,113642,89778,82492
20200511,252256,213552,203166,162014
20200512,252534,206158,206728,159874
20200513,257926,210874,211166,162574
20200514,254570,208354,208652,160142
20200515,247044,199302,206152,156644
20200516,189930,148022,130838,113010
20200517,151622,111898,93846,84642
20200518,235932,200928,199030,155296
20200519,242804,198652,203784,155508
20200520,262706,218308,217720,166030
20200521,262518,216736,216444,164810
20200522,267030,224200,221510,167966
20200523,219128,165888,149002,122446
20200524,144482,106884,90960,80220
20200525,254420,217726,209478,164290
20200526,253264,214180,209868,163296
20200527,264682,218706,214720,167016
20200528,259926,215260,209894,163898
20200529,269344,219932,214500,167628
20200530,210490,154768,133442,116116
20200531,151246,110360,89648,82986
20200601,252454,211224,202498,161606
20200602,244476,202092,201004,157900
20200603,258542,214532,210506,163562
20200604,258438,211738,208636,162398
20200605,271854,221978,216962,168140
20200606,195700,144162,122724,107536
20200607,152802,111754,90510,84926
20200608,250150,208370,200864,160158
20200609,253994,207056,206874,160332
20200610,252484,209096,210400,160772
20200611,256280,208864,209066,161890
20200612,265970,217942,214912,165866
20200613,201066,153288,132446,115014
20200614,149504,110048,88274,80952
20200615,253410,211610,206314,161546
20200616,257928,210208,211108,162394
20200617,261008,211230,213660,163274
20200618,257898,212494,211722,162698
20200619,269638,218938,220296,166130
20200620,212330,155362,139888,118442
20200621,152734,110806,92616,83370
20200622,246422,205092,203944,160296
20200623,255374,212442,211524,162282
20200624,241230,196020,205950,155698
20200625,250448,209452,211246,161960
20200626,272386,226214,223006,169686
20200627,216250,163082,143546,120918
20200628,158904,115308,97834,84388
20200629,251434,212886,209848,164674
20200630,252060,205576,209496,163216
20200701,265628,217128,217300,168194
20200702,266938,217524,219606,166294
20200703,279686,224104,226212,171602
20200704,218936,160318,144106,119674
20200705,156780,115374,96378,84018
20200706,261012,214624,212642,164210
20200707,264238,215866,217008,164468
20200708,270240,215796,221936,165768
20200709,268604,215524,221898,164392
20200710,273964,218298,222970,166980
20200711,220400,162032,144040,121964
20200712,153364,117428,95374,83876
20200713,242878,195322,202232,154582
20200714,262542,218116,219470,164418
20200715,276028,225546,227360,169794
20200716,272828,218248,224146,167158
20200717,277974,223206,227920,169948
20200718,219076,164002,144646,119826
20200719,130872,98692,83406,73422
20200720,250392,206338,209584,160008
20200721,269770,219038,221166,166410
20200722,260586,208756,218678,164768
20200723,253174,202474,216560,157946
20200724,268934,222062,223308,167754
20200725,214146,166944,143094,120320
20200726,158608,119280,96722,85762
20200727,249664,208254,210568,160920
20200728,261914,213756,218272,163714
20200729,252604,198872,213244,159074
20200730,261688,212836,216762,161302
20200731,272886,221972,222658,166204
20200801,174986,137586,115216,101966
20200802,121862,91062,78314,69390
20200803,228516,176590,189280,145246
20200804,241128,191082,199820,152176
20200805,242462,192480,202124,154600
20200806,257398,201528,218016,159350
20200807,269838,222578,225540,168106
20200808,199054,156506,134192,114732
20200809,124588,88404,78202,67868
20200810,247300,204194,208040,158724
20200811,253120,201472,213524,161036
20200812,264456,217328,222664,164950
20200813,258060,214132,218848,162792
20200814,260386,213654,217004,162352
20200815,161904,128702,110900,96244
20200816,139724,110546,92116,80934
20200817,167172,137930,115210,101846
20200818,235318,194064,197756,152912
20200819,227792,186484,193152,146916
20200820,222846,184266,187874,145768
20200821,222468,184224,184706,144540
20200822,134908,113622,88352,85482
20200823,103288,84492,61792,61238
20200824,210846,178510,178634,140658
20200825,215330,181070,180324,141950
20200826,206658,174904,178754,138562
20200827,193224,160596,166536,130006
20200828,210416,177448,177564,139922
20200829,125644,107452,82262,80410
20200830,87868,73236,53956,54196
20200831,195552,171214,166018,132724
20200901,195072,166452,163452,130882
20200902,182706,157646,159964,125612
20200903,187016,159054,159970,125162
20200904,213288,182552,174478,136454
20200905,142628,121168,90366,85910
20200906,93966,80510,58214,56904
20200907,182580,152496,160008,125568
20200908,205694,182622,176102,137258
20200909,200092,177544,171414,135392
20200910,206562,183168,176310,138312
20200911,213898,189774,180452,141744
20200912,138592,123612,93888,88084
20200913,112322,92830,70662,65144
20200914,216892,195174,182660,146174
20200915,224268,198204,190586,149402
20200916,220534,189996,190364,147030
20200917,227508,200548,194060,150728
20200918,241808,210834,202722,156406
20200919,183874,151530,124732,107372
20200920,133024,106896,84948,75244
20200921,233444,208452,196600,157060
20200922,240178,212344,201686,158146
20200923,242720,212008,205812,159132
20200924,243880,212188,204554,158854
20200925,257612,222376,212962,164844
20200926,194512,161806,131660,113192
20200927,139884,115874,89464,77004
20200928,245376,220610,203730,159618
20200929,247042,214844,200916,157888
20200930,115808,99386,72948,69558
20201001,83926,58062,47332,51956
20201002,112438,76240,66848,65510
20201003,140970,101010,87922,79242
20201004,128562,91920,79618,71818
20201005,237090,200274,198584,157358
20201006,246980,205852,206708,161234
20201007,249676,208922,210678,162404
20201008,260068,217754,217508,166294
20201009,188718,145592,129604,105904
20201010,192326,151660,128160,109096
20201011,143882,109998,87568,80518
20201012,247536,215142,206160,163664
20201013,254002,218928,212912,166546
20201014,256140,218310,216700,166664
20201015,256264,218682,215082,167140
20201016,265578,224468,220510,169382
20201017,215492,172596,144286,126170
20201018,156540,121536,99232,86648
20201019,251886,214274,210512,166144
20201020,260102,223654,216762,173540
20201021,258624,221092,218704,172468
20201022,262206,219996,218654,171454
20201023,274378,231992,227182,176156
20201024,219910,175598,146876,124902
20201025,161674,128964,101844,91342
20201026,257696,221416,214868,172440
20201027,263048,227434,219142,172814
20201028,265524,224892,223154,173324
20201029,267692,224740,222016,173174
20201030,281200,234548,231234,177472
20201031,228670,178386,157508,129948
20201101,140748,110138,92764,79770
20201102,256676,222424,216304,170626
20201103,261950,221904,221988,172016
20201104,262384,219934,223470,172070
20201105,266888,225672,225404,172708
20201106,276834,230976,230312,175678
20201107,223890,177976,156258,126074
20201108,165644,130342,108074,89134
20201109,255542,219264,213948,170582
20201110,267346,225472,224722,174392
20201111,273340,226672,229330,174362
20201112,269868,227046,225768,174378
20201113,279124,223900,233352,177526
20201114,219144,171428,153444,124292
20201115,160710,125402,104778,88708
20201116,256846,218476,216868,169680
20201117,261496,218888,219002,170764
20201118,255072,211908,216816,167124
20201119,246726,196514,208084,160070
20201120,266726,224180,222074,170764
20201121,196462,154412,133392,112454
20201122,131718,102696,84286,74666
20201123,241500,206388,203952,160380
20201124,236824,202508,200934,157296
20201125,238170,205384,202052,157930
20201126,231744,201556,196134,153422
20201127,232766,201122,194962,153210
20201128,156092,129764,100396,97052
20201129,111570,91978,68968,67318
20201130,218868,191286,186090,149968
20201201,222230,191952,187026,149880
20201202,225318,194818,191020,150538
20201203,223668,192014,190996,148654
20201204,227268,197094,191288,150530
20201205,169636,129872,101156,95982
20201206,109924,91064,67946,66440
20201207,214212,188744,182182,147274
20201208,209572,180218,177302,142830
20201209,210824,181798,176760,142990
20201210,211502,182638,177052,142758
20201211,216460,187976,178886,144512
20201212,140924,124086,87096,88946
20201213,89298,72392,52082,56012
20201214,193052,164040,162036,132706
20201215,193544,162172,163224,131484
20201216,192732,162878,163228,129830
20201217,196046,168396,164876,131634
20201218,206516,180220,169180,138190
20201219,132236,110752,80434,83778
20201220,91408,74980,53100,56292
20201221,200480,173546,166926,136348
20201222,203848,174072,169572,137128
20201223,205918,176140,172444,136598
20201224,208856,178636,172698,136168
20201225,107524,89130,64272,65152
20201226,118248,104902,70622,75196
20201227,86882,73942,48626,53728
20201228,197012,177738,163322,134360
20201229,200604,176392,165672,133856
20201230,206182,160500,158990,128800
20201231,189030,162328,148362,124408
20210101,76604,56782,43110,45426
20210102,112876,93444,64414,70362
20210103,89120,72024,48996,53560
20210104,200586,179558,171852,136000
20210105,206370,177026,172234,136810
20210106,209466,172770,181020,136062
20210107,215102,167150,186150,139702
20210108,204538,159488,174390,132350
20210109,134824,105058,85306,82294
20210110,93170,73534,55296,53936
20210111,205292,175258,173400,136722
20210112,220116,191714,191716,144784
20210113,221502,186752,185992,145672
20210114,217630,193606,183312,143288
20210115,220646,190814,183730,143658
20210116,155108,133900,96244,92188
20210117,106102,85428,62598,61468
20210118,221186,185078,190148,146868
20210119,217998,180272,187652,141936
20210120,229406,201994,195016,149238
20210121,223168,193440,191984,146134
20210122,234064,199380,195954,149822
20210123,171918,144302,113154,100760
20210124,126122,98502,77980,70012
20210125,229980,203678,196382,150214
20210126,227768,191740,196694,148082
20210127,238408,210626,203262,152908
20210128,229130,191134,196846,148682
20210129,231168,188462,194338,146558
20210130,172802,145132,114400,99846
20210131,128180,104204,79614,71382
20210201,233710,206882,198070,152726
20210202,234426,199592,200202,150572
20210203,238062,211000,210940,154752
20210204,236076,200840,209260,155590
20210205,240196,219298,210838,157406
20210206,173796,157460,124078,106498
20210207,124304,110802,85646,73016
20210208,234108,213096,203714,155252
20210209,240780,214566,208662,156146
20210210,235642,207676,200100,151290
20210211,106482,91126,69150,65202
20210212,75254,54962,43814,49040
20210213,123388,87110,78924,72286
20210214,119348,87656,75854,68518
20210215,225682,188736,195988,149370
20210216,236628,193208,208954,153242
20210217,234390,187136,205212,149838
20210218,238818,191756,209982,152224
20210219,253918,211132,220270,160608
20210220,197828,156968,135496,112118
20210221,149608,110618,97806,81018
20210222,246264,209442,211102,157854
20210223,247518,206892,214440,158992
20210224,249868,208974,217830,159566
20210225,249616,206630,218960,158882
20210226,265776,213704,226340,163640
20210227,209074,160544,142756,115068
20210228,161276,117390,102894,85510
20210301,115008,92190,75376,68962
20210302,248316,207708,212998,160036
20210303,252500,211712,219408,163484
20210304,252726,210816,218448,161282
20210305,271968,222490,230732,169322
20210306,208538,161828,144288,116830
20210307,156580,117030,101774,83954
20210308,247594,210568,211682,162990
20210309,253766,214258,219194,164678
20210310,257996,214118,222760,165716
20210311,255158,212862,220288,163150
20210312,263794,218182,226898,167708
20210313,218902,164438,151006,119544
20210314,157610,117184,100016,83756
20210315,247946,211280,213568,161250
20210316,252672,213718,218834,164864
20210317,259250,216132,223754,166660
20210318,257786,217576,223530,165720
20210319,278996,227990,234586,172030
20210320,191694,145756,133944,109480
20210321,159776,120568,103472,84312
20210322,249154,213496,216108,163300
20210323,257748,217136,224126,166736
20210324,262568,216850,226990,167570
20210325,265786,220022,227892,168414
20210326,281684,230678,236488,173528
20210327,195794,151954,134900,111946
20210328,136554,103656,89232,75810
20210329,249398,214060,216562,164636
20210330,261896,219222,225206,167988
20210331,271584,219936,234148,168468
20210401,272712,217488,239528,168484
20210402,286686,228008,249862,172580
20210403,176284,133426,122970,101384
20210404,161088,119758,110216,83130
20210405,259340,217916,223322,166692
20210406,267206,219476,227458,169048
20210407,265652,214550,226404,167112
20210408,265644,218702,228032,167260
20210409,279422,226750,237648,172644
20210410,233202,170278,164752,124466
20210411,171928,123990,115716,87630
20210412,238494,200542,207870,158844
20210413,253656,212430,223242,165822
20210414,259236,214010,227872,166714
20210415,260254,218276,228766,167296
20210416,257486,212384,225736,164196
20210417,198844,159084,148340,116804
20210418,159380,120810,119132,85794
20210419,247194,212470,219484,165602
20210420,255084,216580,224476,170386
20210421,259046,215508,227892,171120
20210422,258404,214224,224506,168528
20210423,268880,221450,233688,170290
20210424,219974,164290,157020,119828
20210425,168252,120180,113710,87502
20210426,255438,214598,219138,165560
20210427,258400,213168,223850,167332
20210428,264902,215142,228140,167388
20210429,265482,214580,229914,167442
20210430,273944,221558,234456,170310
20210501,190458,150422,132578,106958
20210502,176400,124208,117106,87502
20210503,261288,219142,223276,166884
20210504,252028,202968,221618,162114
20210505,216954,143482,142694,102540
20210506,269684,219652,227656,168802
20210507,267482,217404,230704,168008
20210508,188470,148328,124840,109846
20210509,174498,119972,109074,87980
20210510,247540,207134,211706,163536
20210511,271102,219926,228166,169890
20210512,272368,218200,230292,170234
20210513,270604,218392,231024,169848
20210514,287612,226818,242178,174940
20210515,204680,155030,142700,117684
20210516,124698,91154,83344,70454
20210517,247506,203972,214380,162974
20210518,278786,225912,237234,175778
20210519,220630,148990,148146,110976
20210520,254836,209676,222130,165362
20210521,270122,218594,232516,170930
20210522,234280,171294,161810,125790
20210523,166680,121204,107012,89364
20210524,255602,214392,224308,168744
20210525,259386,212860,226468,168200
20210526,266528,218226,233178,170932
20210527,254706,203368,221508,163884
20210528,263962,212442,227842,166854
20210529,211828,162770,150366,118676
20210530,168222,124430,110862,88782
20210531,248406,212178,216318,165054
20210601,254182,210968,222914,165986
20210602,258998,214018,227736,167336
20210603,245864,201540,220360,160312
20210604,276408,225732,240864,173092
20210605,223394,169190,159946,122926
20210606,158070,119638,108244,85688
20210607,245824,208826,214786,163280
20210608,253802,211914,221256,167290
20210609,254266,210556,224148,165912
20210610,254952,213686,224116,165348
20210611,259064,214716,225738,166912
20210612,207238,161248,147506,118068
20210613,149172,115568,100690,82678
20210614,248958,207794,212778,165468
20210615,250356,206932,218626,165682
20210616,263826,214982,231430,170768
20210617,260104,216478,228738,169024
20210618,266456,214922,236924,169146
20210619,224014,170222,162994,122384
20210620,162606,122380,113062,87278
20210621,262868,218226,230408,166544
20210622,264992,215776,233282,169266
20210623,264188,215676,233676,168286
20210624,268482,218276,238648,169276
20210625,282238,229588,244828,174244
20210626,211278,164196,150438,119490
20210627,162578,123184,109422,87720
20210628,253104,212548,221972,166116
20210629,260306,214834,234408,167418
20210630,263160,212924,232502,167802
20210701,266504,217022,236130,167980
20210702,277480,226532,242446,172764
20210703,191668,155774,134550,110382
20210704,128884,98168,86930,74482
20210705,257042,217324,226096,167260
20210706,266650,217332,231450,168690
20210707,254804,210226,225262,164560
20210708,245764,204346,217708,158978
20210709,250350,211388,216558,162694
20210710,171120,141998,115996,105264
20210711,117206,95632,77630,69240
20210712,220168,187102,190820,148042
20210713,221930,187472,193520,147792
20210714,219296,183988,192920,146090
20210715,216322,182196,188432,143254
20210716,222268,190800,191792,147204
20210717,157442,130522,106530,95330
20210718,114092,93532,73914,65544
20210719,213802,185414,187260,144982
20210720,221490,189390,194200,147038
20210721,219884,183644,192450,144824
20210722,215700,179774,189892,143080
20210723,223632,188824,193224,146172
20210724,155328,126310,103860,94126
20210725,108944,90306,69452,64292
20210726,214142,183838,188774,142974
20210727,217014,182536,189402,142178
20210728,216066,181804,190328,141758
20210729,214762,180480,187322,140104
20210730,220072,186010,190568,143572
20210731,152464,126062,103406,91858
20210801,107370,91326,71094,63508
20210802,204180,174200,177194,135358
20210803,211136,175592,180496,138172
20210804,212906,174332,183660,138526
20210805,216644,180982,189674,140858
20210806,220406,185198,190308,143406
20210807,162044,133512,112254,97868
20210808,116928,96618,76176,67514
20210809,220030,189028,189182,145740
20210810,226188,189370,195806,146138
20210811,225712,186092,196424,147436
20210812,221694,186666,194980,144390
20210813,228690,193004,198172,147164
20210814,167674,139386,115764,100740
20210815,131318,102924,86662,73364
20210816,157638,131688,109254,94944
20210817,227146,192506,200092,149060
20210818,229792,190158,199622,149604
20210819,233680,195038,203678,150492
20210820,237524,202934,205702,152948
20210821,150198,119148,107326,91182
20210822,131272,107800,87230,73780
20210823,223342,189746,198252,147796
20210824,222174,184724,196560,145954
20210825,234676,198940,207158,152872
20210826,234958,201126,206520,152398
20210827,235096,199788,204738,152024
20210828,184690,154990,131068,106968
20210829,138940,111282,93776,76126
20210830,232046,203760,204924,153846
20210831,224986,186690,202188,147176
20210901,234224,196930,205472,152932
20210902,237188,204984,207900,154524
20210903,253436,213106,218102,160272
20210904,203246,160586,143430,111958
20210905,151510,117158,101534,80454
20210906,234334,206064,205852,155570
20210907,226038,184494,199606,149400
20210908,246336,211296,215948,159952
20210909,245404,212680,214992,158308
20210910,255140,218514,221578,162558
20210911,209542,168380,153182,114150
20210912,157126,122660,109240,82432
20210913,241214,213058,210294,159766
20210914,246078,214988,213424,160396
20210915,253418,219046,220464,162464
20210916,253372,224088,219120,162306
20210917,261200,223738,222470,164604
20210918,188330,162096,126496,107912
20210919,137170,120192,89204,78766
20210920,110048,90704,69100,64026
20210921,85670,58758,49030,52804
20210922,130392,86312,84268,71546
20210923,230506,187654,194338,150768
20210924,250510,201434,212418,159898
20210925,197026,149638,135692,110504
20210926,150846,110132,99044,79250
20210927,238514,202906,211466,159350
20210928,240832,200778,212760,160206
20210929,234176,188040,207222,153400
20210930,248192,207460,215172,162338
20211001,262092,213838,224162,164520
20211002,208464,158604,146218,116198
20211003,167940,119694,112726,86560
20211004,163122,134332,115086,97520
20211005,241338,202586,213634,160946
20211006,243184,195360,212730,158300
20211007,244212,203646,214622,160320
20211008,255456,208812,220142,163170
20211009,200042,156232,138850,107286
20211010,143474,107436,96616,77446
20211011,182778,147964,123540,104410
20211012,248384,208764,217210,163248
20211013,256266,211640,223356,164796
20211014,252256,212022,220554,163130
20211015,260290,215080,225004,165520
20211016,208986,166044,150378,121044
20211017,148980,116500,102234,82936
20211018,240230,203378,211942,159112
20211019,246284,205030,215528,161660
20211020,254354,214084,224448,167568
20211021,253238,214096,223938,166240
20211022,265876,222832,231838,170004
20211023,222178,173422,160902,123694
20211024,163906,126880,111910,86740
20211025,251012,216158,221078,167586
20211026,258992,218574,226684,169794
20211027,263298,218866,231542,168166
20211028,262718,219332,230210,168016
20211029,276426,226230,238244,170076
20211030,230836,174614,169422,126132
20211031,176816,131096,124518,91952
20211101,253758,216198,224180,166680
20211102,260026,218540,232142,169210
20211103,266088,220804,235096,170146
20211104,264106,219278,235110,170232
20211105,279806,230054,246104,174736
20211106,233434,182744,177964,129634
20211107,176838,136704,133870,93490
20211108,240576,195198,213708,157966
20211109,252958,207220,225764,164248
20211110,265316,217192,237014,172168
20211111,269686,221912,238086,172516
20211112,274850,226984,242214,175096
20211113,223090,183912,165152,124764
20211114,167324,130230,116468,89754
20211115,254402,214048,222400,167202
20211116,261932,216450,231478,171606
20211117,266320,219978,238344,172002
20211118,262574,215052,230824,168968
20211119,278492,227824,242358,173852
20211120,238342,175376,166528,127678
20211121,160422,127988,117532,87706
20211122,254376,211274,223678,168076
20211123,259322,209178,230240,169298
20211124,263458,213104,233068,170598
20211125,266820,220832,233966,171988
20211126,274590,225730,240224,174884
20211127,220448,172860,163560,123462
20211128,165324,129172,117740,87994
20211129,255652,213180,223938,167294
20211130,246246,193338,219764,162428
20211201,258440,206602,229744,168230
20211202,256782,209806,228114,166488
20211203,268718,219506,239250,171426
20211204,205690,163128,152104,118566
20211205,149786,121350,109450,85040
20211206,246898,205066,218106,165424
20211207,253084,208646,222658,167588
20211208,253370,208734,223864,165850
20211209,252686,208016,222306,164242
20211210,259118,211234,228396,165876
20211211,199056,158358,144562,116608
20211212,146352,116912,104552,80926
20211213,238812,194150,207972,157880
20211214,246174,201718,217732,163116
20211215,251850,203590,225534,164622
20211216,253974,207302,226156,163960
20211217,261326,207570,231758,164214
20211218,197632,147762,147928,109364
20211219,151068,114452,110312,81320
20211220,247318,207320,222514,161680
20211221,257610,210912,229576,165124
20211222,264174,213894,234426,164582
20211223,265948,216090,234644,164316
20211224,272398,221230,237126,163788
20211225,173466,123184,116334,90148
20211226,129550,97452,85164,68650
20211227,237440,191910,208000,150440
20211228,251670,204414,221636,158220
20211229,258842,212810,228018,162176
20211230,274530,208734,225432,159114
20211231,248242,201202,201358,150972
