일시,광진구,동대문구,성동구,중랑구,sunday,mon_1,mon_2,mon_3,mon_4,mon_5,mon_6,mon_7,mon_8,mon_9,mon_10,mon_11,mon_12
20181203,306352,250084,235920,191856,0,0,0,0,0,0,0,0,0,0,0,0,1
20181204,320916,267532,246984,198518,0,0,0,0,0,0,0,0,0,0,0,0,1
20181205,322154,269658,252466,199356,0,0,0,0,0,0,0,0,0,0,0,0,1
20181206,329962,276088,250422,200602,0,0,0,0,0,0,0,0,0,0,0,0,1
20181207,335090,270348,254032,198266,0,0,0,0,0,0,0,0,0,0,0,0,1
20181208,267052,214794,167778,143742,0,0,0,0,0,0,0,0,0,0,0,0,1
20181209,188346,156186,113820,101836,1,0,0,0,0,0,0,0,0,0,0,0,1
20181210,311898,262024,237920,194868,0,0,0,0,0,0,0,0,0,0,0,0,1
20181211,320966,267854,246224,196670,0,0,0,0,0,0,0,0,0,0,0,0,1
20181212,326416,273390,251068,199904,0,0,0,0,0,0,0,0,0,0,0,0,1
20181213,335208,269834,254970,201808,0,0,0,0,0,0,0,0,0,0,0,0,1
20181214,345514,282764,258586,202756,0,0,0,0,0,0,0,0,0,0,0,0,1
20181215,282214,244586,173078,157016,0,0,0,0,0,0,0,0,0,0,0,0,1
20181216,202672,172184,115136,109724,1,0,0,0,0,0,0,0,0,0,0,0,1
20181217,315132,270730,243466,191592,0,0,0,0,0,0,0,0,0,0,0,0,1
20181218,327060,273658,253184,194498,0,0,0,0,0,0,0,0,0,0,0,0,1
20181219,333262,275738,256634,195170,0,0,0,0,0,0,0,0,0,0,0,0,1
20181220,356802,292558,273512,204232,0,0,0,0,0,0,0,0,0,0,0,0,1
20181221,364880,296452,269214,201718,0,0,0,0,0,0,0,0,0,0,0,0,1
20181222,294072,245636,180534,156770,0,0,0,0,0,0,0,0,0,0,0,0,1
20181223,221312,180900,120662,110304,1,0,0,0,0,0,0,0,0,0,0,0,1
20181224,332996,269624,236660,185284,0,0,0,0,0,0,0,0,0,0,0,0,1
20181225,231274,184080,130532,113522,0,0,0,0,0,0,0,0,0,0,0,0,1
20181226,328184,275494,248570,190034,0,0,0,0,0,0,0,0,0,0,0,0,1
20181227,316000,251490,240316,183582,0,0,0,0,0,0,0,0,0,0,0,0,1
20181228,323120,259124,242782,186412,0,0,0,0,0,0,0,0,0,0,0,0,1
20181229,250776,209290,149412,133176,0,0,0,0,0,0,0,0,0,0,0,0,1
20181230,193380,159674,107508,99156,1,0,0,0,0,0,0,0,0,0,0,0,1
20181231,297668,256128,205226,171862,0,0,0,0,0,0,0,0,0,0,0,0,1
20190101,166754,125202,83116,76644,0,1,0,0,0,0,0,0,0,0,0,0,0
20190102,300586,252464,227038,177832,0,1,0,0,0,0,0,0,0,0,0,0,0
20190103,312072,262066,237968,183722,0,1,0,0,0,0,0,0,0,0,0,0,0
20190104,326526,274626,245578,188826,0,1,0,0,0,0,0,0,0,0,0,0,0
20190105,263804,220782,157194,139908,0,1,0,0,0,0,0,0,0,0,0,0,0
20190106,196244,166004,109452,101966,1,1,0,0,0,0,0,0,0,0,0,0,0
20190107,305592,263366,235456,184574,0,1,0,0,0,0,0,0,0,0,0,0,0
20190108,310968,262820,238798,183888,0,1,0,0,0,0,0,0,0,0,0,0,0
20190109,309432,252830,237164,181772,0,1,0,0,0,0,0,0,0,0,0,0,0
20190110,315228,265724,241734,185514,0,1,0,0,0,0,0,0,0,0,0,0,0
20190111,328082,280046,247708,191974,0,1,0,0,0,0,0,0,0,0,0,0,0
20190112,269398,231420,161006,145844,0,1,0,0,0,0,0,0,0,0,0,0,0
20190113,199204,169470,108714,104826,1,1,0,0,0,0,0,0,0,0,0,0,0
20190114,301126,253856,226196,180736,0,1,0,0,0,0,0,0,0,0,0,0,0
20190115,308558,259262,236624,183560,0,1,0,0,0,0,0,0,0,0,0,0,0
20190116,309080,260034,238538,183216,0,1,0,0,0,0,0,0,0,0,0,0,0
20190117,315576,273390,241250,186482,0,1,0,0,0,0,0,0,0,0,0,0,0
20190118,326288,283944,248260,190954,0,1,0,0,0,0,0,0,0,0,0,0,0
20190119,270456,232682,163090,144808,0,1,0,0,0,0,0,0,0,0,0,0,0
20190120,201906,172398,111896,106544,1,1,0,0,0,0,0,0,0,0,0,0,0
20190121,303132,261540,231926,181846,0,1,0,0,0,0,0,0,0,0,0,0,0
20190122,310550,274150,240086,185000,0,1,0,0,0,0,0,0,0,0,0,0,0
20190123,315020,275060,242538,186386,0,1,0,0,0,0,0,0,0,0,0,0,0
20190124,318912,276078,244284,186624,0,1,0,0,0,0,0,0,0,0,0,0,0
20190125,329954,288892,251790,192370,0,1,0,0,0,0,0,0,0,0,0,0,0
20190126,272924,237946,170048,145260,0,1,0,0,0,0,0,0,0,0,0,0,0
20190127,202184,179792,114350,104972,1,1,0,0,0,0,0,0,0,0,0,0,0
20190128,305068,274256,235744,184948,0,1,0,0,0,0,0,0,0,0,0,0,0
20190129,312166,277852,241514,185958,0,1,0,0,0,0,0,0,0,0,0,0,0
20190130,316704,282448,246416,189124,0,1,0,0,0,0,0,0,0,0,0,0,0
20190131,315384,276818,241844,185876,0,1,0,0,0,0,0,0,0,0,0,0,0
20190201,318020,281614,238740,188100,0,0,1,0,0,0,0,0,0,0,0,0,0
20190202,224364,214448,130652,124770,0,0,1,0,0,0,0,0,0,0,0,0,0
20190203,146326,131420,83402,83078,1,0,1,0,0,0,0,0,0,0,0,0,0
20190204,118146,119890,66978,72938,0,0,1,0,0,0,0,0,0,0,0,0,0
20190205,106362,100042,58376,75850,0,0,1,0,0,0,0,0,0,0,0,0,0
20190206,156778,129580,85354,87532,0,0,1,0,0,0,0,0,0,0,0,0,0
20190207,290720,241912,219698,174102,0,0,1,0,0,0,0,0,0,0,0,0,0
20190208,315936,256080,238640,183730,0,0,1,0,0,0,0,0,0,0,0,0,0
20190209,257216,215476,154730,138104,0,0,1,0,0,0,0,0,0,0,0,0,0
20190210,193388,157348,106268,102182,1,0,1,0,0,0,0,0,0,0,0,0,0
20190211,311184,263292,236606,186370,0,0,1,0,0,0,0,0,0,0,0,0,0
20190212,318868,266786,244662,188808,0,0,1,0,0,0,0,0,0,0,0,0,0
20190213,323094,268260,247576,189674,0,0,1,0,0,0,0,0,0,0,0,0,0
20190214,327870,271800,251114,192922,0,0,1,0,0,0,0,0,0,0,0,0,0
20190215,333670,277462,257276,195566,0,0,1,0,0,0,0,0,0,0,0,0,0
20190216,303410,239186,180914,152352,0,0,1,0,0,0,0,0,0,0,0,0,0
20190217,213028,177230,121148,110648,1,0,1,0,0,0,0,0,0,0,0,0,0
20190218,312900,264762,240166,187884,0,0,1,0,0,0,0,0,0,0,0,0,0
20190219,313668,251108,243774,188622,0,0,1,0,0,0,0,0,0,0,0,0,0
20190220,324514,271218,250758,192146,0,0,1,0,0,0,0,0,0,0,0,0,0
20190221,327714,273324,253640,193336,0,0,1,0,0,0,0,0,0,0,0,0,0
20190222,352502,286704,259988,198384,0,0,1,0,0,0,0,0,0,0,0,0,0
20190223,291634,246464,189344,158198,0,0,1,0,0,0,0,0,0,0,0,0,0
20190224,223764,182178,128486,114370,1,0,1,0,0,0,0,0,0,0,0,0,0
20190225,317992,270680,244198,191892,0,0,1,0,0,0,0,0,0,0,0,0,0
20190226,328178,272178,254676,193032,0,0,1,0,0,0,0,0,0,0,0,0,0
20190227,326486,274686,252922,195458,0,0,1,0,0,0,0,0,0,0,0,0,0
20190228,336288,280182,255940,198126,0,0,1,0,0,0,0,0,0,0,0,0,0
20190301,252802,216178,155168,131638,0,0,0,1,0,0,0,0,0,0,0,0,0
20190302,261738,221244,154128,137714,0,0,0,1,0,0,0,0,0,0,0,0,0
20190303,210232,173300,121528,110334,1,0,0,1,0,0,0,0,0,0,0,0,0
20190304,323892,265594,250088,200038,0,0,0,1,0,0,0,0,0,0,0,0,0
20190305,325214,265490,250148,200182,0,0,0,1,0,0,0,0,0,0,0,0,0
20190306,328342,268960,255586,199794,0,0,0,1,0,0,0,0,0,0,0,0,0
20190307,341062,280488,261324,203514,0,0,0,1,0,0,0,0,0,0,0,0,0
20190308,353928,294856,270376,207224,0,0,0,1,0,0,0,0,0,0,0,0,0
20190309,306506,246340,189332,158194,0,0,0,1,0,0,0,0,0,0,0,0,0
20190310,224258,175550,125320,112176,1,0,0,1,0,0,0,0,0,0,0,0,0
20190311,326338,274440,250082,202350,0,0,0,1,0,0,0,0,0,0,0,0,0
20190312,326874,267764,253196,201704,0,0,0,1,0,0,0,0,0,0,0,0,0
20190313,331888,272910,258002,203012,0,0,0,1,0,0,0,0,0,0,0,0,0
20190314,338914,279124,259358,204292,0,0,0,1,0,0,0,0,0,0,0,0,0
20190315,345004,287786,266584,204910,0,0,0,1,0,0,0,0,0,0,0,0,0
20190316,299182,242274,185874,155986,0,0,0,1,0,0,0,0,0,0,0,0,0
20190317,242430,194562,142774,118182,1,0,0,1,0,0,0,0,0,0,0,0,0
20190318,326874,274446,250646,201152,0,0,0,1,0,0,0,0,0,0,0,0,0
20190319,336620,277344,256648,204154,0,0,0,1,0,0,0,0,0,0,0,0,0
20190320,322604,269408,253506,199276,0,0,0,1,0,0,0,0,0,0,0,0,0
20190321,333104,275258,258016,202126,0,0,0,1,0,0,0,0,0,0,0,0,0
20190322,352670,291812,269388,207534,0,0,0,1,0,0,0,0,0,0,0,0,0
20190323,288430,228426,182124,150698,0,0,0,1,0,0,0,0,0,0,0,0,0
20190324,228580,178196,129256,114170,1,0,0,1,0,0,0,0,0,0,0,0,0
20190325,321790,271036,249298,200684,0,0,0,1,0,0,0,0,0,0,0,0,0
20190326,335534,276246,255322,204370,0,0,0,1,0,0,0,0,0,0,0,0,0
20190327,334298,274204,256460,202716,0,0,0,1,0,0,0,0,0,0,0,0,0
20190328,338378,280028,259114,204422,0,0,0,1,0,0,0,0,0,0,0,0,0
20190329,356756,293288,270988,208856,0,0,0,1,0,0,0,0,0,0,0,0,0
20190330,270330,223364,177928,146452,0,0,0,1,0,0,0,0,0,0,0,0,0
20190331,210720,171178,126438,111016,1,0,0,1,0,0,0,0,0,0,0,0,0
20190401,324124,269968,251120,199086,0,0,0,0,1,0,0,0,0,0,0,0,0
20190402,328904,273688,255288,201810,0,0,0,0,1,0,0,0,0,0,0,0,0
20190403,334218,275764,258102,202712,0,0,0,0,1,0,0,0,0,0,0,0,0
20190404,336728,276606,257746,203756,0,0,0,0,1,0,0,0,0,0,0,0,0
20190405,356796,286634,267632,206804,0,0,0,0,1,0,0,0,0,0,0,0,0
20190406,294476,226210,184218,150084,0,0,0,0,1,0,0,0,0,0,0,0,0
20190407,267346,181836,145410,120588,1,0,0,0,1,0,0,0,0,0,0,0,0
20190408,332266,272262,251928,202454,0,0,0,0,1,0,0,0,0,0,0,0,0
20190409,322112,264320,253632,200812,0,0,0,0,1,0,0,0,0,0,0,0,0
20190410,325326,262332,251530,200038,0,0,0,0,1,0,0,0,0,0,0,0,0
20190411,342000,282564,258266,207084,0,0,0,0,1,0,0,0,0,0,0,0,0
20190412,363210,292576,273942,209724,0,0,0,0,1,0,0,0,0,0,0,0,0
20190413,338952,244648,206102,163566,0,0,0,0,1,0,0,0,0,0,0,0,0
20190414,195232,158188,119522,103034,1,0,0,0,1,0,0,0,0,0,0,0,0
20190415,325594,271928,250834,201864,0,0,0,0,1,0,0,0,0,0,0,0,0
20190416,330632,274380,255648,204886,0,0,0,0,1,0,0,0,0,0,0,0,0
20190417,335426,276838,255792,203586,0,0,0,0,1,0,0,0,0,0,0,0,0
20190418,319272,269642,251292,202298,0,0,0,0,1,0,0,0,0,0,0,0,0
20190419,341710,284076,262436,205258,0,0,0,0,1,0,0,0,0,0,0,0,0
20190420,307268,239296,183246,156986,0,0,0,0,1,0,0,0,0,0,0,0,0
20190421,216258,174418,121142,113548,1,0,0,0,1,0,0,0,0,0,0,0,0
20190422,322074,271120,247710,199868,0,0,0,0,1,0,0,0,0,0,0,0,0
20190423,318586,268302,250674,200242,0,0,0,0,1,0,0,0,0,0,0,0,0
20190424,328290,272524,257736,202024,0,0,0,0,1,0,0,0,0,0,0,0,0
20190425,326232,267434,257896,199656,0,0,0,0,1,0,0,0,0,0,0,0,0
20190426,351290,281582,266876,206074,0,0,0,0,1,0,0,0,0,0,0,0,0
20190427,342166,250506,201906,163718,0,0,0,0,1,0,0,0,0,0,0,0,0
20190428,236042,180442,133832,115676,1,0,0,0,1,0,0,0,0,0,0,0,0
20190429,334096,274592,255210,202668,0,0,0,0,1,0,0,0,0,0,0,0,0
20190430,355516,283876,269160,212824,0,0,0,0,1,0,0,0,0,0,0,0,0
20190501,309162,233018,185686,154776,0,0,0,0,0,1,0,0,0,0,0,0,0
20190502,356850,281004,265234,207810,0,0,0,0,0,1,0,0,0,0,0,0,0
20190503,378284,296250,281406,213482,0,0,0,0,0,1,0,0,0,0,0,0,0
20190504,359204,245948,193586,158342,0,0,0,0,0,1,0,0,0,0,0,0,0
20190505,264454,183456,141514,122336,1,0,0,0,0,1,0,0,0,0,0,0,0
20190506,267882,193248,152424,126746,0,0,0,0,0,1,0,0,0,0,0,0,0
20190507,335558,273406,261160,203644,0,0,0,0,0,1,0,0,0,0,0,0,0
20190508,333408,273584,261762,206284,0,0,0,0,0,1,0,0,0,0,0,0,0
20190509,347462,276518,266122,207814,0,0,0,0,0,1,0,0,0,0,0,0,0
20190510,376078,289542,281914,214394,0,0,0,0,0,1,0,0,0,0,0,0,0
20190511,328190,245390,204238,164248,0,0,0,0,0,1,0,0,0,0,0,0,0
20190512,264490,183960,138342,121638,1,0,0,0,0,1,0,0,0,0,0,0,0
20190513,324540,267746,253254,201380,0,0,0,0,0,1,0,0,0,0,0,0,0
20190514,341006,275100,264330,207048,0,0,0,0,0,1,0,0,0,0,0,0,0
20190515,357830,279916,274688,208988,0,0,0,0,0,1,0,0,0,0,0,0,0
20190516,352780,275290,261364,206438,0,0,0,0,0,1,0,0,0,0,0,0,0
20190517,366698,286412,274362,211256,0,0,0,0,0,1,0,0,0,0,0,0,0
20190518,326242,240246,196618,161080,0,0,0,0,0,1,0,0,0,0,0,0,0
20190519,204586,157082,121056,108282,1,0,0,0,0,1,0,0,0,0,0,0,0
20190520,332008,272336,257736,203814,0,0,0,0,0,1,0,0,0,0,0,0,0
20190521,339006,273236,260784,208492,0,0,0,0,0,1,0,0,0,0,0,0,0
20190522,339006,274962,262270,208888,0,0,0,0,0,1,0,0,0,0,0,0,0
20190523,340980,277076,261500,209536,0,0,0,0,0,1,0,0,0,0,0,0,0
20190524,360812,286580,272682,219660,0,0,0,0,0,1,0,0,0,0,0,0,0
20190525,318368,239744,206444,180082,0,0,0,0,0,1,0,0,0,0,0,0,0
20190526,248748,178114,140272,133704,1,0,0,0,0,1,0,0,0,0,0,0,0
20190527,307162,247892,243488,194000,0,0,0,0,0,1,0,0,0,0,0,0,0
20190528,338360,276916,259468,207114,0,0,0,0,0,1,0,0,0,0,0,0,0
20190529,336474,276064,261820,205044,0,0,0,0,0,1,0,0,0,0,0,0,0
20190530,335110,274332,260366,204984,0,0,0,0,0,1,0,0,0,0,0,0,0
20190531,355406,288352,270314,208086,0,0,0,0,0,1,0,0,0,0,0,0,0
20190601,315290,240406,190508,158478,0,0,0,0,0,0,1,0,0,0,0,0,0
20190602,230064,176612,130900,116900,1,0,0,0,0,0,1,0,0,0,0,0,0
20190603,321014,267256,251210,200898,0,0,0,0,0,0,1,0,0,0,0,0,0
20190604,328858,268686,256906,202972,0,0,0,0,0,0,1,0,0,0,0,0,0
20190605,346488,280820,265534,208982,0,0,0,0,0,0,1,0,0,0,0,0,0
20190606,236168,188254,145138,122216,0,0,0,0,0,0,1,0,0,0,0,0,0
20190607,308964,256096,231402,185310,0,0,0,0,0,0,1,0,0,0,0,0,0
20190608,286202,230566,174180,150628,0,0,0,0,0,0,1,0,0,0,0,0,0
20190609,203970,164770,117898,106758,1,0,0,0,0,0,1,0,0,0,0,0,0
20190610,313828,261920,241608,193980,0,0,0,0,0,0,1,0,0,0,0,0,0
20190611,326458,269466,252296,202546,0,0,0,0,0,0,1,0,0,0,0,0,0
20190612,330036,269414,255886,201542,0,0,0,0,0,0,1,0,0,0,0,0,0
20190613,329962,271562,255474,204052,0,0,0,0,0,0,1,0,0,0,0,0,0
20190614,341338,281796,260780,203362,0,0,0,0,0,0,1,0,0,0,0,0,0
20190615,302618,235298,181264,156946,0,0,0,0,0,0,1,0,0,0,0,0,0
20190616,214148,170132,131426,111940,1,0,0,0,0,0,1,0,0,0,0,0,0
20190617,318810,264012,248358,198088,0,0,0,0,0,0,1,0,0,0,0,0,0
20190618,317412,260432,249378,195144,0,0,0,0,0,0,1,0,0,0,0,0,0
20190619,324628,266724,256636,198030,0,0,0,0,0,0,1,0,0,0,0,0,0
20190620,341474,275022,262672,203108,0,0,0,0,0,0,1,0,0,0,0,0,0
20190621,347166,282226,270708,203238,0,0,0,0,0,0,1,0,0,0,0,0,0
20190622,310494,238964,202888,155686,0,0,0,0,0,0,1,0,0,0,0,0,0
20190623,232066,174554,134450,112400,1,0,0,0,0,0,1,0,0,0,0,0,0
20190624,322970,264558,251238,191324,0,0,0,0,0,0,1,0,0,0,0,0,0
20190625,330606,267970,257932,194372,0,0,0,0,0,0,1,0,0,0,0,0,0
20190626,326372,270600,255596,193878,0,0,0,0,0,0,1,0,0,0,0,0,0
20190627,321454,265690,253964,191500,0,0,0,0,0,0,1,0,0,0,0,0,0
20190628,335894,280458,263150,198236,0,0,0,0,0,0,1,0,0,0,0,0,0
20190629,267304,221404,175400,143956,0,0,0,0,0,0,1,0,0,0,0,0,0
20190630,215040,168462,127960,110864,1,0,0,0,0,0,1,0,0,0,0,0,0
20190701,314406,262076,244294,189722,0,0,0,0,0,0,0,1,0,0,0,0,0
20190702,322518,264510,255428,192542,0,0,0,0,0,0,0,1,0,0,0,0,0
20190703,324336,265760,256886,194218,0,0,0,0,0,0,0,1,0,0,0,0,0
20190704,328948,265386,256132,193528,0,0,0,0,0,0,0,1,0,0,0,0,0
20190705,340322,275436,264666,197976,0,0,0,0,0,0,0,1,0,0,0,0,0
20190706,289874,218888,174002,146588,0,0,0,0,0,0,0,1,0,0,0,0,0
20190707,215794,167164,123056,111474,1,0,0,0,0,0,0,1,0,0,0,0,0
20190708,315864,260970,242862,189516,0,0,0,0,0,0,0,1,0,0,0,0,0
20190709,329650,265818,255678,193220,0,0,0,0,0,0,0,1,0,0,0,0,0
20190710,320508,267034,254950,190634,0,0,0,0,0,0,0,1,0,0,0,0,0
20190711,320966,266984,251376,189406,0,0,0,0,0,0,0,1,0,0,0,0,0
20190712,345152,281250,264734,199246,0,0,0,0,0,0,0,1,0,0,0,0,0
20190713,283556,224876,174374,147114,0,0,0,0,0,0,0,1,0,0,0,0,0
20190714,215316,169088,123776,110054,1,0,0,0,0,0,0,1,0,0,0,0,0
20190715,302264,251726,241452,182808,0,0,0,0,0,0,0,1,0,0,0,0,0
20190716,319610,260052,251078,189062,0,0,0,0,0,0,0,1,0,0,0,0,0
20190717,322142,264662,254518,190330,0,0,0,0,0,0,0,1,0,0,0,0,0
20190718,324298,265626,252784,190650,0,0,0,0,0,0,0,1,0,0,0,0,0
20190719,338280,275598,265968,196126,0,0,0,0,0,0,0,1,0,0,0,0,0
20190720,280190,213158,166656,139432,0,0,0,0,0,0,0,1,0,0,0,0,0
20190721,199184,157800,117518,103348,1,0,0,0,0,0,0,1,0,0,0,0,0
20190722,311232,258656,245106,184992,0,0,0,0,0,0,0,1,0,0,0,0,0
20190723,313064,255174,249300,185772,0,0,0,0,0,0,0,1,0,0,0,0,0
20190724,309580,254450,246716,183136,0,0,0,0,0,0,0,1,0,0,0,0,0
20190725,305936,250910,244060,182442,0,0,0,0,0,0,0,1,0,0,0,0,0
20190726,304570,242424,239678,178886,0,0,0,0,0,0,0,1,0,0,0,0,0
20190727,253904,211122,163464,140038,0,0,0,0,0,0,0,1,0,0,0,0,0
20190728,179690,141012,103052,94200,1,0,0,0,0,0,0,1,0,0,0,0,0
20190729,302188,253184,233740,177796,0,0,0,0,0,0,0,1,0,0,0,0,0
20190730,303690,249244,238056,178956,0,0,0,0,0,0,0,1,0,0,0,0,0
20190731,290786,234810,227534,169760,0,0,0,0,0,0,0,1,0,0,0,0,0
20190801,303424,244008,230912,174376,0,0,0,0,0,0,0,0,1,0,0,0,0
20190802,309678,251940,233544,176078,0,0,0,0,0,0,0,0,1,0,0,0,0
20190803,240134,197202,148008,128252,0,0,0,0,0,0,0,0,1,0,0,0,0
20190804,184754,155044,111186,99148,1,0,0,0,0,0,0,0,1,0,0,0,0
20190805,289054,232764,223328,171592,0,0,0,0,0,0,0,0,1,0,0,0,0
20190806,299454,238874,229852,175364,0,0,0,0,0,0,0,0,1,0,0,0,0
20190807,300216,240750,231508,176282,0,0,0,0,0,0,0,0,1,0,0,0,0
20190808,310952,248274,238596,180884,0,0,0,0,0,0,0,0,1,0,0,0,0
20190809,319794,258916,244928,186028,0,0,0,0,0,0,0,0,1,0,0,0,0
20190810,254322,204582,161304,134686,0,0,0,0,0,0,0,0,1,0,0,0,0
20190811,196774,158826,112650,102076,1,0,0,0,0,0,0,0,1,0,0,0,0
20190812,284216,233666,224540,172650,0,0,0,0,0,0,0,0,1,0,0,0,0
20190813,308224,251932,242760,181432,0,0,0,0,0,0,0,0,1,0,0,0,0
20190814,318376,255294,248426,185604,0,0,0,0,0,0,0,0,1,0,0,0,0
20190815,198418,166334,127204,106822,0,0,0,0,0,0,0,0,1,0,0,0,0
20190816,302164,252410,228508,176022,0,0,0,0,0,0,0,0,1,0,0,0,0
20190817,255612,212666,157878,135154,0,0,0,0,0,0,0,0,1,0,0,0,0
20190818,208182,165268,120386,106408,1,0,0,0,0,0,0,0,1,0,0,0,0
20190819,306934,256442,238592,182904,0,0,0,0,0,0,0,0,1,0,0,0,0
20190820,317706,260584,246758,187704,0,0,0,0,0,0,0,0,1,0,0,0,0
20190821,313540,263572,251554,187020,0,0,0,0,0,0,0,0,1,0,0,0,0
20190822,320060,261720,248908,188210,0,0,0,0,0,0,0,0,1,0,0,0,0
20190823,336260,279226,258248,195392,0,0,0,0,0,0,0,0,1,0,0,0,0
20190824,292524,230342,184102,148554,0,0,0,0,0,0,0,0,1,0,0,0,0
20190825,217486,170580,121520,109730,1,0,0,0,0,0,0,0,1,0,0,0,0
20190826,313182,263600,242744,192176,0,0,0,0,0,0,0,0,1,0,0,0,0
20190827,314982,266022,247906,192898,0,0,0,0,0,0,0,0,1,0,0,0,0
20190828,323776,270366,253428,195916,0,0,0,0,0,0,0,0,1,0,0,0,0
20190829,310026,259120,245012,189920,0,0,0,0,0,0,0,0,1,0,0,0,0
20190830,340742,284724,265190,200370,0,0,0,0,0,0,0,0,1,0,0,0,0
20190831,302180,234702,183316,150290,0,0,0,0,0,0,0,0,1,0,0,0,0
20190901,224914,173972,128646,110414,1,0,0,0,0,0,0,0,0,1,0,0,0
20190902,324412,272932,250756,198224,0,0,0,0,0,0,0,0,0,1,0,0,0
20190903,325442,280922,257588,202122,0,0,0,0,0,0,0,0,0,1,0,0,0
20190904,315408,259888,253540,195026,0,0,0,0,0,0,0,0,0,1,0,0,0
20190905,312870,264048,251952,193986,0,0,0,0,0,0,0,0,0,1,0,0,0
20190906,338162,289798,265004,202916,0,0,0,0,0,0,0,0,0,1,0,0,0
20190907,186680,164966,119712,109324,0,0,0,0,0,0,0,0,0,1,0,0,0
20190908,212096,181838,121380,108296,1,0,0,0,0,0,0,0,0,1,0,0,0
20190909,321708,286734,253372,203660,0,0,0,0,0,0,0,0,0,1,0,0,0
20190910,316842,271858,257952,197418,0,0,0,0,0,0,0,0,0,1,0,0,0
20190911,334408,291572,252176,204064,0,0,0,0,0,0,0,0,0,1,0,0,0
20190912,151074,137260,90208,87934,0,0,0,0,0,0,0,0,0,1,0,0,0
20190913,135690,108138,73786,82740,0,0,0,0,0,0,0,0,0,1,0,0,0
20190914,172406,138838,95788,93262,0,0,0,0,0,0,0,0,0,1,0,0,0
20190915,196258,152442,108126,101756,1,0,0,0,0,0,0,0,0,1,0,0,0
20190916,310924,254034,242118,194454,0,0,0,0,0,0,0,0,0,1,0,0,0
20190917,327574,266378,259064,202826,0,0,0,0,0,0,0,0,0,1,0,0,0
20190918,334030,270196,261332,202978,0,0,0,0,0,0,0,0,0,1,0,0,0
20190919,337742,271620,263466,203308,0,0,0,0,0,0,0,0,0,1,0,0,0
20190920,357682,284388,274170,207614,0,0,0,0,0,0,0,0,0,1,0,0,0
20190921,305448,235858,198420,156132,0,0,0,0,0,0,0,0,0,1,0,0,0
20190922,192060,153904,112486,101098,1,0,0,0,0,0,0,0,0,1,0,0,0
20190923,327098,266700,253966,200806,0,0,0,0,0,0,0,0,0,1,0,0,0
20190924,335904,270638,264792,203040,0,0,0,0,0,0,0,0,0,1,0,0,0
20190925,337130,275036,267190,204456,0,0,0,0,0,0,0,0,0,1,0,0,0
20190926,336642,275042,264358,203642,0,0,0,0,0,0,0,0,0,1,0,0,0
20190927,353324,286254,273880,208000,0,0,0,0,0,0,0,0,0,1,0,0,0
20190928,320342,240812,204564,161638,0,0,0,0,0,0,0,0,0,1,0,0,0
20190929,235102,176422,138500,116690,1,0,0,0,0,0,0,0,0,1,0,0,0
20190930,323562,267620,252980,201286,0,0,0,0,0,0,0,0,0,1,0,0,0
20191001,325368,268694,259272,202024,0,0,0,0,0,0,0,0,0,0,1,0,0
20191002,328494,266478,266104,202328,0,0,0,0,0,0,0,0,0,0,1,0,0
20191003,241872,200194,154562,122274,0,0,0,0,0,0,0,0,0,0,1,0,0
20191004,347954,272798,253248,198352,0,0,0,0,0,0,0,0,0,0,1,0,0
20191005,301342,240698,194452,159598,0,0,0,0,0,0,0,0,0,0,1,0,0
20191006,227508,177702,129462,117940,1,0,0,0,0,0,0,0,0,0,1,0,0
20191007,300684,244426,239554,190972,0,0,0,0,0,0,0,0,0,0,1,0,0
20191008,343942,279722,268152,207342,0,0,0,0,0,0,0,0,0,0,1,0,0
20191009,262012,210486,162438,130442,0,0,0,0,0,0,0,0,0,0,1,0,0
20191010,324330,270294,255386,200846,0,0,0,0,0,0,0,0,0,0,1,0,0
20191011,344932,280816,268550,207932,0,0,0,0,0,0,0,0,0,0,1,0,0
20191012,303690,230322,201004,160562,0,0,0,0,0,0,0,0,0,0,1,0,0
20191013,233872,171890,134506,118172,1,0,0,0,0,0,0,0,0,0,1,0,0
20191014,322028,264200,251958,199190,0,0,0,0,0,0,0,0,0,0,1,0,0
20191015,325848,269808,260558,203920,0,0,0,0,0,0,0,0,0,0,1,0,0
20191016,320870,269034,257988,199370,0,0,0,0,0,0,0,0,0,0,1,0,0
20191017,326186,271094,256462,201496,0,0,0,0,0,0,0,0,0,0,1,0,0
20191018,342734,279934,266872,203906,0,0,0,0,0,0,0,0,0,0,1,0,0
20191019,307074,242532,197660,162392,0,0,0,0,0,0,0,0,0,0,1,0,0
20191020,225664,178668,135092,118218,1,0,0,0,0,0,0,0,0,0,1,0,0
20191021,313512,266364,250030,197806,0,0,0,0,0,0,0,0,0,0,1,0,0
20191022,321042,269226,257844,201128,0,0,0,0,0,0,0,0,0,0,1,0,0
20191023,320688,271158,257138,200528,0,0,0,0,0,0,0,0,0,0,1,0,0
20191024,328998,271678,261826,200814,0,0,0,0,0,0,0,0,0,0,1,0,0
20191025,357508,291148,275498,207334,0,0,0,0,0,0,0,0,0,0,1,0,0
20191026,318950,247920,208048,164722,0,0,0,0,0,0,0,0,0,0,1,0,0
20191027,238400,183894,142556,120334,1,0,0,0,0,0,0,0,0,0,1,0,0
20191028,321778,270850,255812,199984,0,0,0,0,0,0,0,0,0,0,1,0,0
20191029,324832,271416,260266,201534,0,0,0,0,0,0,0,0,0,0,1,0,0
20191030,327832,276526,264596,203492,0,0,0,0,0,0,0,0,0,0,1,0,0
20191031,330438,276664,262880,203214,0,0,0,0,0,0,0,0,0,0,1,0,0
20191101,346568,283852,270718,203618,0,0,0,0,0,0,0,0,0,0,0,1,0
20191102,294644,239142,195992,155770,0,0,0,0,0,0,0,0,0,0,0,1,0
20191103,231684,179520,138010,116358,1,0,0,0,0,0,0,0,0,0,0,1,0
20191104,318792,269636,255972,200258,0,0,0,0,0,0,0,0,0,0,0,1,0
20191105,327708,272928,263092,203534,0,0,0,0,0,0,0,0,0,0,0,1,0
20191106,329630,272398,266722,201920,0,0,0,0,0,0,0,0,0,0,0,1,0
20191107,330824,274868,266344,201858,0,0,0,0,0,0,0,0,0,0,0,1,0
20191108,345184,281854,276740,205520,0,0,0,0,0,0,0,0,0,0,0,1,0
20191109,294588,236862,201058,154708,0,0,0,0,0,0,0,0,0,0,0,1,0
20191110,216894,177626,131730,111562,1,0,0,0,0,0,0,0,0,0,0,1,0
20191111,314430,263040,250896,198052,0,0,0,0,0,0,0,0,0,0,0,1,0
20191112,321472,271056,259672,201632,0,0,0,0,0,0,0,0,0,0,0,1,0
20191113,319944,258754,258310,197340,0,0,0,0,0,0,0,0,0,0,0,1,0
20191114,325088,262302,258706,197950,0,0,0,0,0,0,0,0,0,0,0,1,0
20191115,331338,265984,259070,198138,0,0,0,0,0,0,0,0,0,0,0,1,0
20191116,314100,232604,192074,155734,0,0,0,0,0,0,0,0,0,0,0,1,0
20191117,193672,150322,118952,102224,1,0,0,0,0,0,0,0,0,0,0,1,0
20191118,316874,263056,252852,197294,0,0,0,0,0,0,0,0,0,0,0,1,0
20191119,320834,261950,257184,199366,0,0,0,0,0,0,0,0,0,0,0,1,0
20191120,325214,261430,258638,199106,0,0,0,0,0,0,0,0,0,0,0,1,0
20191121,327804,265512,262620,200890,0,0,0,0,0,0,0,0,0,0,0,1,0
20191122,341180,274052,271944,204524,0,0,0,0,0,0,0,0,0,0,0,1,0
20191123,298140,223936,195910,153920,0,0,0,0,0,0,0,0,0,0,0,1,0
20191124,206000,156212,134258,111204,1,0,0,0,0,0,0,0,0,0,0,1,0
20191125,315896,257180,251032,197652,0,0,0,0,0,0,0,0,0,0,0,1,0
20191126,327730,267876,259418,202536,0,0,0,0,0,0,0,0,0,0,0,1,0
20191127,329160,272246,263758,203380,0,0,0,0,0,0,0,0,0,0,0,1,0
20191128,328528,274116,264870,203016,0,0,0,0,0,0,0,0,0,0,0,1,0
20191129,342036,284408,275872,207072,0,0,0,0,0,0,0,0,0,0,0,1,0
20191130,286536,236452,190998,153414,0,0,0,0,0,0,0,0,0,0,0,1,0
20191201,192178,152052,124796,104434,1,0,0,0,0,0,0,0,0,0,0,0,1
20191202,312708,261298,248522,195204,0,0,0,0,0,0,0,0,0,0,0,0,1
20191203,316318,261258,254906,197664,0,0,0,0,0,0,0,0,0,0,0,0,1
20191204,324100,268278,259776,201222,0,0,0,0,0,0,0,0,0,0,0,0,1
20191205,323496,262262,259458,199888,0,0,0,0,0,0,0,0,0,0,0,0,1
20191206,331042,267110,262268,198724,0,0,0,0,0,0,0,0,0,0,0,0,1
20191207,274814,228168,181658,151450,0,0,0,0,0,0,0,0,0,0,0,0,1
20191208,202136,170230,130146,109410,1,0,0,0,0,0,0,0,0,0,0,0,1
20191209,313564,260250,244982,195460,0,0,0,0,0,0,0,0,0,0,0,0,1
20191210,323952,263674,255546,199878,0,0,0,0,0,0,0,0,0,0,0,0,1
20191211,328264,266682,259092,202408,0,0,0,0,0,0,0,0,0,0,0,0,1
20191212,333762,271302,263262,202018,0,0,0,0,0,0,0,0,0,0,0,0,1
20191213,346192,283192,270204,205992,0,0,0,0,0,0,0,0,0,0,0,0,1
20191214,295648,247380,190124,161988,0,0,0,0,0,0,0,0,0,0,0,0,1
20191215,212926,177306,127854,114138,1,0,0,0,0,0,0,0,0,0,0,0,1
20191216,323222,267756,250552,194476,0,0,0,0,0,0,0,0,0,0,0,0,1
20191217,322544,254986,256680,192652,0,0,0,0,0,0,0,0,0,0,0,0,1
20191218,336876,273944,266870,197148,0,0,0,0,0,0,0,0,0,0,0,0,1
20191219,339474,275262,268028,198668,0,0,0,0,0,0,0,0,0,0,0,0,1
20191220,360976,290420,282148,207708,0,0,0,0,0,0,0,0,0,0,0,0,1
20191221,300506,240564,195562,159900,0,0,0,0,0,0,0,0,0,0,0,0,1
20191222,226252,179692,130182,116068,1,0,0,0,0,0,0,0,0,0,0,0,1
20191223,328444,265656,257728,193404,0,0,0,0,0,0,0,0,0,0,0,0,1
20191224,363246,279636,272082,201204,0,0,0,0,0,0,0,0,0,0,0,0,1
20191225,242038,185164,139654,118396,0,0,0,0,0,0,0,0,0,0,0,0,1
20191226,324600,267232,254822,191090,0,0,0,0,0,0,0,0,0,0,0,0,1
20191227,340652,284938,263740,198510,0,0,0,0,0,0,0,0,0,0,0,0,1
20191228,277372,237428,170966,148632,0,0,0,0,0,0,0,0,0,0,0,0,1
20191229,206742,168708,122252,107390,1,0,0,0,0,0,0,0,0,0,0,0,1
20191230,319684,262730,243844,186878,0,0,0,0,0,0,0,0,0,0,0,0,1
20191231,313278,247610,228484,180382,0,0,0,0,0,0,0,0,0,0,0,0,1
20200101,165778,123320,89466,79942,0,1,0,0,0,0,0,0,0,0,0,0,0
20200102,299780,249944,234728,179984,0,1,0,0,0,0,0,0,0,0,0,0,0
20200103,320188,267436,250082,189354,0,1,0,0,0,0,0,0,0,0,0,0,0
20200104,260876,217950,162152,139658,0,1,0,0,0,0,0,0,0,0,0,0,0
20200105,197798,164280,114408,104172,1,1,0,0,0,0,0,0,0,0,0,0,0
20200106,301764,250096,241872,183500,0,1,0,0,0,0,0,0,0,0,0,0,0
20200107,296082,232998,237550,179320,0,1,0,0,0,0,0,0,0,0,0,0,0
20200108,313166,257476,250022,185482,0,1,0,0,0,0,0,0,0,0,0,0,0
20200109,318390,266508,251964,187884,0,1,0,0,0,0,0,0,0,0,0,0,0
20200110,331980,278864,260068,195286,0,1,0,0,0,0,0,0,0,0,0,0,0
20200111,272690,233060,174928,147366,0,1,0,0,0,0,0,0,0,0,0,0,0
20200112,206420,170868,120612,106714,1,1,0,0,0,0,0,0,0,0,0,0,0
20200113,304168,261818,240856,186416,0,1,0,0,0,0,0,0,0,0,0,0,0
20200114,313628,263992,248108,186088,0,1,0,0,0,0,0,0,0,0,0,0,0
20200115,317514,269240,254168,188152,0,1,0,0,0,0,0,0,0,0,0,0,0
20200116,318052,273476,252546,188662,0,1,0,0,0,0,0,0,0,0,0,0,0
20200117,330828,283922,259088,194622,0,1,0,0,0,0,0,0,0,0,0,0,0
20200118,272112,240066,177536,146518,0,1,0,0,0,0,0,0,0,0,0,0,0
20200119,201030,170200,119382,104996,1,1,0,0,0,0,0,0,0,0,0,0,0
20200120,309666,277372,246770,187534,0,1,0,0,0,0,0,0,0,0,0,0,0
20200121,311992,275988,251020,189190,0,1,0,0,0,0,0,0,0,0,0,0,0
20200122,318196,277972,251784,188710,0,1,0,0,0,0,0,0,0,0,0,0,0
20200123,303806,261900,236062,182466,0,1,0,0,0,0,0,0,0,0,0,0,0
20200124,138250,124246,82152,83294,0,1,0,0,0,0,0,0,0,0,0,0,0
20200125,112208,97554,59198,74928,0,1,0,0,0,0,0,0,0,0,0,0,0
20200126,152238,126804,84202,87498,1,1,0,0,0,0,0,0,0,0,0,0,0
20200127,160634,135326,94900,89938,0,1,0,0,0,0,0,0,0,0,0,0,0
20200128,272656,226548,223230,171996,0,1,0,0,0,0,0,0,0,0,0,0,0
20200129,288402,239030,239266,179852,0,1,0,0,0,0,0,0,0,0,0,0,0
20200130,289292,242222,240654,180366,0,1,0,0,0,0,0,0,0,0,0,0,0
20200131,292642,244690,244382,180464,0,1,0,0,0,0,0,0,0,0,0,0,0
20200201,214418,174762,143442,121360,0,0,1,0,0,0,0,0,0,0,0,0,0
20200202,157258,125352,98374,87776,1,0,1,0,0,0,0,0,0,0,0,0,0
20200203,271952,225986,225028,172642,0,0,1,0,0,0,0,0,0,0,0,0,0
20200204,275880,224904,229216,171712,0,0,1,0,0,0,0,0,0,0,0,0,0
20200205,267488,215512,227834,166498,0,0,1,0,0,0,0,0,0,0,0,0,0
20200206,265052,215010,224602,164190,0,0,1,0,0,0,0,0,0,0,0,0,0
20200207,280058,229804,233362,173088,0,0,1,0,0,0,0,0,0,0,0,0,0
20200208,208410,161236,139882,118328,0,0,1,0,0,0,0,0,0,0,0,0,0
20200209,157166,119390,97146,85558,1,0,1,0,0,0,0,0,0,0,0,0,0
20200210,270970,224562,223072,170108,0,0,1,0,0,0,0,0,0,0,0,0,0
20200211,282676,231380,233602,174334,0,0,1,0,0,0,0,0,0,0,0,0,0
20200212,271084,217604,229516,169038,0,0,1,0,0,0,0,0,0,0,0,0,0
20200213,288438,235376,237466,175956,0,0,1,0,0,0,0,0,0,0,0,0,0
20200214,304696,248434,247702,182866,0,0,1,0,0,0,0,0,0,0,0,0,0
20200215,234230,185826,155980,129464,0,0,1,0,0,0,0,0,0,0,0,0,0
20200216,167574,124688,102224,90682,1,0,1,0,0,0,0,0,0,0,0,0,0
20200217,280606,220470,230308,172036,0,0,1,0,0,0,0,0,0,0,0,0,0
20200218,283410,223278,233880,172718,0,0,1,0,0,0,0,0,0,0,0,0,0
20200219,286954,229826,229808,175268,0,0,1,0,0,0,0,0,0,0,0,0,0
20200220,281916,224584,224704,172624,0,0,1,0,0,0,0,0,0,0,0,0,0
20200221,280956,223908,219068,174566,0,0,1,0,0,0,0,0,0,0,0,0,0
20200222,186176,141374,118632,107416,0,0,1,0,0,0,0,0,0,0,0,0,0
20200223,131128,93824,77920,73034,1,0,1,0,0,0,0,0,0,0,0,0,0
20200224,231984,190152,192412,151110,0,0,1,0,0,0,0,0,0,0,0,0,0
20200225,214566,169698,182636,140290,0,0,1,0,0,0,0,0,0,0,0,0,0
20200226,216452,178874,185108,140680,0,0,1,0,0,0,0,0,0,0,0,0,0
20200227,213280,175454,180254,138126,0,0,1,0,0,0,0,0,0,0,0,0,0
20200228,204548,166334,172956,134800,0,0,1,0,0,0,0,0,0,0,0,0,0
20200229,132878,106958,87658,83716,0,0,1,0,0,0,0,0,0,0,0,0,0
20200301,92476,69056,56430,56544,1,0,0,1,0,0,0,0,0,0,0,0,0
20200302,201472,167348,171262,133100,0,0,0,1,0,0,0,0,0,0,0,0,0
20200303,202882,167872,173864,133222,0,0,0,1,0,0,0,0,0,0,0,0,0
20200304,201748,164254,171400,132048,0,0,0,1,0,0,0,0,0,0,0,0,0
20200305,205616,165068,173478,132142,0,0,0,1,0,0,0,0,0,0,0,0,0
20200306,216228,173966,178466,136836,0,0,0,1,0,0,0,0,0,0,0,0,0
20200307,147770,111342,94486,86922,0,0,0,1,0,0,0,0,0,0,0,0,0
20200308,116152,77736,65456,61224,1,0,0,1,0,0,0,0,0,0,0,0,0
20200309,216940,173188,177350,138780,0,0,0,1,0,0,0,0,0,0,0,0,0
20200310,204630,159874,174704,132632,0,0,0,1,0,0,0,0,0,0,0,0,0
20200311,217446,170478,181848,137550,0,0,0,1,0,0,0,0,0,0,0,0,0
20200312,216266,167566,178132,134556,0,0,0,1,0,0,0,0,0,0,0,0,0
20200313,222708,171506,182046,138000,0,0,0,1,0,0,0,0,0,0,0,0,0
20200314,158580,113070,102222,89952,0,0,0,1,0,0,0,0,0,0,0,0,0
20200315,112690,75568,66412,61468,1,0,0,1,0,0,0,0,0,0,0,0,0
20200316,212686,172254,176948,137362,0,0,0,1,0,0,0,0,0,0,0,0,0
20200317,213276,168386,178300,136088,0,0,0,1,0,0,0,0,0,0,0,0,0
20200318,225814,176428,183500,140466,0,0,0,1,0,0,0,0,0,0,0,0,0
20200319,208662,162936,175158,132680,0,0,0,1,0,0,0,0,0,0,0,0,0
20200320,236242,184732,190120,145640,0,0,0,1,0,0,0,0,0,0,0,0,0
20200321,172530,120790,107762,94152,0,0,0,1,0,0,0,0,0,0,0,0,0
20200322,134774,83216,73888,65378,1,0,0,1,0,0,0,0,0,0,0,0,0
20200323,221900,176656,177464,139718,0,0,0,1,0,0,0,0,0,0,0,0,0
20200324,226268,175548,184480,139788,0,0,0,1,0,0,0,0,0,0,0,0,0
20200325,232530,179622,187876,142630,0,0,0,1,0,0,0,0,0,0,0,0,0
20200326,217140,175184,182544,138686,0,0,0,1,0,0,0,0,0,0,0,0,0
20200327,234008,182278,192200,143350,0,0,0,1,0,0,0,0,0,0,0,0,0
20200328,178354,124716,112516,95486,0,0,0,1,0,0,0,0,0,0,0,0,0
20200329,136282,85746,78536,67520,1,0,0,1,0,0,0,0,0,0,0,0,0
20200330,225028,180322,184126,141548,0,0,0,1,0,0,0,0,0,0,0,0,0
20200331,227660,180042,187148,142268,0,0,0,1,0,0,0,0,0,0,0,0,0
20200401,229592,178208,189150,142970,0,0,0,0,1,0,0,0,0,0,0,0,0
20200402,229876,180982,189406,142120,0,0,0,0,1,0,0,0,0,0,0,0,0
20200403,239484,187488,197600,146704,0,0,0,0,1,0,0,0,0,0,0,0,0
20200404,180662,125976,119546,96330,0,0,0,0,1,0,0,0,0,0,0,0,0
20200405,129474,86754,81064,67246,1,0,0,0,1,0,0,0,0,0,0,0,0
20200406,224778,184642,186954,144914,0,0,0,0,1,0,0,0,0,0,0,0,0
20200407,229744,184752,191346,144996,0,0,0,0,1,0,0,0,0,0,0,0,0
20200408,230182,185456,192722,145642,0,0,0,0,1,0,0,0,0,0,0,0,0
20200409,230268,186522,191606,145566,0,0,0,0,1,0,0,0,0,0,0,0,0
20200410,241060,192910,198696,150038,0,0,0,0,1,0,0,0,0,0,0,0,0
20200411,179188,132840,116714,100776,0,0,0,0,1,0,0,0,0,0,0,0,0
20200412,128360,91618,75340,69186,1,0,0,0,1,0,0,0,0,0,0,0,0
20200413,229178,191196,186550,147242,0,0,0,0,1,0,0,0,0,0,0,0,0
20200414,242346,190308,198484,152270,0,0,0,0,1,0,0,0,0,0,0,0,0
20200415,162574,117102,106006,90074,0,0,0,0,1,0,0,0,0,0,0,0,0
20200416,234402,192424,194468,148392,0,0,0,0,1,0,0,0,0,0,0,0,0
20200417,231204,185048,192940,147138,0,0,0,0,1,0,0,0,0,0,0,0,0
20200418,197312,143748,128206,106174,0,0,0,0,1,0,0,0,0,0,0,0,0
20200419,122142,92010,74718,70386,1,0,0,0,1,0,0,0,0,0,0,0,0
20200420,229630,195290,191734,149760,0,0,0,0,1,0,0,0,0,0,0,0,0
20200421,237554,199726,198184,151210,0,0,0,0,1,0,0,0,0,0,0,0,0
20200422,236742,193906,196648,149794,0,0,0,0,1,0,0,0,0,0,0,0,0
20200423,242128,200736,200046,153752,0,0,0,0,1,0,0,0,0,0,0,0,0
20200424,255556,212578,210256,159488,0,0,0,0,1,0,0,0,0,0,0,0,0
20200425,197432,151948,131168,110036,0,0,0,0,1,0,0,0,0,0,0,0,0
20200426,152658,110554,90554,80294,1,0,0,0,1,0,0,0,0,0,0,0,0
20200427,242820,208726,200778,155902,0,0,0,0,1,0,0,0,0,0,0,0,0
20200428,250926,212024,205866,157684,0,0,0,0,1,0,0,0,0,0,0,0,0
20200429,264240,218722,215946,163334,0,0,0,0,1,0,0,0,0,0,0,0,0
20200430,189678,140874,119322,101388,0,0,0,0,1,0,0,0,0,0,0,0,0
20200501,195526,156284,124296,109196,0,0,0,0,0,1,0,0,0,0,0,0,0
20200502,185924,145042,117560,101864,0,0,0,0,0,1,0,0,0,0,0,0,0
20200503,148578,111584,87746,80514,1,0,0,0,0,1,0,0,0,0,0,0,0
20200504,238224,194980,176874,144306,0,0,0,0,0,1,0,0,0,0,0,0,0
20200505,170522,125924,102980,90658,0,0,0,0,0,1,0,0,0,0,0,0,0
20200506,261606,217114,209714,163324,0,0,0,0,0,1,0,0,0,0,0,0,0
20200507,267634,220172,213960,164072,0,0,0,0,0,1,0,0,0,0,0,0,0
20200508,268556,225386,217964,167144,0,0,0,0,0,1,0,0,0,0,0,0,0
20200509,170216,129152,112566,101302,0,0,0,0,0,1,0,0,0,0,0,0,0
20200510,149330,113642,89778,82492,1,0,0,0,0,1,0,0,0,0,0,0,0
20200511,252256,213552,203166,162014,0,0,0,0,0,1,0,0,0,0,0,0,0
20200512,252534,206158,206728,159874,0,0,0,0,0,1,0,0,0,0,0,0,0
20200513,257926,210874,211166,162574,0,0,0,0,0,1,0,0,0,0,0,0,0
20200514,254570,208354,208652,160142,0,0,0,0,0,1,0,0,0,0,0,0,0
20200515,247044,199302,206152,156644,0,0,0,0,0,1,0,0,0,0,0,0,0
20200516,189930,148022,130838,113010,0,0,0,0,0,1,0,0,0,0,0,0,0
20200517,151622,111898,93846,84642,1,0,0,0,0,1,0,0,0,0,0,0,0
20200518,235932,200928,199030,155296,0,0,0,0,0,1,0,0,0,0,0,0,0
20200519,242804,198652,203784,155508,0,0,0,0,0,1,0,0,0,0,0,0,0
20200520,262706,218308,217720,166030,0,0,0,0,0,1,0,0,0,0,0,0,0
20200521,262518,216736,216444,164810,0,0,0,0,0,1,0,0,0,0,0,0,0
20200522,267030,224200,221510,167966,0,0,0,0,0,1,0,0,0,0,0,0,0
20200523,219128,165888,149002,122446,0,0,0,0,0,1,0,0,0,0,0,0,0
20200524,144482,106884,90960,80220,1,0,0,0,0,1,0,0,0,0,0,0,0
20200525,254420,217726,209478,164290,0,0,0,0,0,1,0,0,0,0,0,0,0
20200526,253264,214180,209868,163296,0,0,0,0,0,1,0,0,0,0,0,0,0
20200527,264682,218706,214720,167016,0,0,0,0,0,1,0,0,0,0,0,0,0
20200528,259926,215260,209894,163898,0,0,0,0,0,1,0,0,0,0,0,0,0
20200529,269344,219932,214500,167628,0,0,0,0,0,1,0,0,0,0,0,0,0
20200530,210490,154768,133442,116116,0,0,0,0,0,1,0,0,0,0,0,0,0
20200531,151246,110360,89648,82986,1,0,0,0,0,1,0,0,0,0,0,0,0
20200601,252454,211224,202498,161606,0,0,0,0,0,0,1,0,0,0,0,0,0
20200602,244476,202092,201004,157900,0,0,0,0,0,0,1,0,0,0,0,0,0
20200603,258542,214532,210506,163562,0,0,0,0,0,0,1,0,0,0,0,0,0
20200604,258438,211738,208636,162398,0,0,0,0,0,0,1,0,0,0,0,0,0
20200605,271854,221978,216962,168140,0,0,0,0,0,0,1,0,0,0,0,0,0
20200606,195700,144162,122724,107536,0,0,0,0,0,0,1,0,0,0,0,0,0
20200607,152802,111754,90510,84926,1,0,0,0,0,0,1,0,0,0,0,0,0
20200608,250150,208370,200864,160158,0,0,0,0,0,0,1,0,0,0,0,0,0
20200609,253994,207056,206874,160332,0,0,0,0,0,0,1,0,0,0,0,0,0
20200610,252484,209096,210400,160772,0,0,0,0,0,0,1,0,0,0,0,0,0
20200611,256280,208864,209066,161890,0,0,0,0,0,0,1,0,0,0,0,0,0
20200612,265970,217942,214912,165866,0,0,0,0,0,0,1,0,0,0,0,0,0
20200613,201066,153288,132446,115014,0,0,0,0,0,0,1,0,0,0,0,0,0
20200614,149504,110048,88274,80952,1,0,0,0,0,0,1,0,0,0,0,0,0
20200615,253410,211610,206314,161546,0,0,0,0,0,0,1,0,0,0,0,0,0
20200616,257928,210208,211108,162394,0,0,0,0,0,0,1,0,0,0,0,0,0
20200617,261008,211230,213660,163274,0,0,0,0,0,0,1,0,0,0,0,0,0
20200618,257898,212494,211722,162698,0,0,0,0,0,0,1,0,0,0,0,0,0
20200619,269638,218938,220296,166130,0,0,0,0,0,0,1,0,0,0,0,0,0
20200620,212330,155362,139888,118442,0,0,0,0,0,0,1,0,0,0,0,0,0
20200621,152734,110806,92616,83370,1,0,0,0,0,0,1,0,0,0,0,0,0
20200622,246422,205092,203944,160296,0,0,0,0,0,0,1,0,0,0,0,0,0
20200623,255374,212442,211524,162282,0,0,0,0,0,0,1,0,0,0,0,0,0
20200624,241230,196020,205950,155698,0,0,0,0,0,0,1,0,0,0,0,0,0
20200625,250448,209452,211246,161960,0,0,0,0,0,0,1,0,0,0,0,0,0
20200626,272386,226214,223006,169686,0,0,0,0,0,0,1,0,0,0,0,0,0
20200627,216250,163082,143546,120918,0,0,0,0,0,0,1,0,0,0,0,0,0
20200628,158904,115308,97834,84388,1,0,0,0,0,0,1,0,0,0,0,0,0
20200629,251434,212886,209848,164674,0,0,0,0,0,0,1,0,0,0,0,0,0
20200630,252060,205576,209496,163216,0,0,0,0,0,0,1,0,0,0,0,0,0
20200701,265628,217128,217300,168194,0,0,0,0,0,0,0,1,0,0,0,0,0
20200702,266938,217524,219606,166294,0,0,0,0,0,0,0,1,0,0,0,0,0
20200703,279686,224104,226212,171602,0,0,0,0,0,0,0,1,0,0,0,0,0
20200704,218936,160318,144106,119674,0,0,0,0,0,0,0,1,0,0,0,0,0
20200705,156780,115374,96378,84018,1,0,0,0,0,0,0,1,0,0,0,0,0
20200706,261012,214624,212642,164210,0,0,0,0,0,0,0,1,0,0,0,0,0
20200707,264238,215866,217008,164468,0,0,0,0,0,0,0,1,0,0,0,0,0
20200708,270240,215796,221936,165768,0,0,0,0,0,0,0,1,0,0,0,0,0
20200709,268604,215524,221898,164392,0,0,0,0,0,0,0,1,0,0,0,0,0
20200710,273964,218298,222970,166980,0,0,0,0,0,0,0,1,0,0,0,0,0
20200711,220400,162032,144040,121964,0,0,0,0,0,0,0,1,0,0,0,0,0
20200712,153364,117428,95374,83876,1,0,0,0,0,0,0,1,0,0,0,0,0
20200713,242878,195322,202232,154582,0,0,0,0,0,0,0,1,0,0,0,0,0
20200714,262542,218116,219470,164418,0,0,0,0,0,0,0,1,0,0,0,0,0
20200715,276028,225546,227360,169794,0,0,0,0,0,0,0,1,0,0,0,0,0
20200716,272828,218248,224146,167158,0,0,0,0,0,0,0,1,0,0,0,0,0
20200717,277974,223206,227920,169948,0,0,0,0,0,0,0,1,0,0,0,0,0
20200718,219076,164002,144646,119826,0,0,0,0,0,0,0,1,0,0,0,0,0
20200719,130872,98692,83406,73422,1,0,0,0,0,0,0,1,0,0,0,0,0
20200720,250392,206338,209584,160008,0,0,0,0,0,0,0,1,0,0,0,0,0
20200721,269770,219038,221166,166410,0,0,0,0,0,0,0,1,0,0,0,0,0
20200722,260586,208756,218678,164768,0,0,0,0,0,0,0,1,0,0,0,0,0
20200723,253174,202474,216560,157946,0,0,0,0,0,0,0,1,0,0,0,0,0
20200724,268934,222062,223308,167754,0,0,0,0,0,0,0,1,0,0,0,0,0
20200725,214146,166944,143094,120320,0,0,0,0,0,0,0,1,0,0,0,0,0
20200726,158608,119280,96722,85762,1,0,0,0,0,0,0,1,0,0,0,0,0
20200727,249664,208254,210568,160920,0,0,0,0,0,0,0,1,0,0,0,0,0
20200728,261914,213756,218272,163714,0,0,0,0,0,0,0,1,0,0,0,0,0
20200729,252604,198872,213244,159074,0,0,0,0,0,0,0,1,0,0,0,0,0
20200730,261688,212836,216762,161302,0,0,0,0,0,0,0,1,0,0,0,0,0
20200731,272886,221972,222658,166204,0,0,0,0,0,0,0,1,0,0,0,0,0
20200801,174986,137586,115216,101966,0,0,0,0,0,0,0,0,1,0,0,0,0
20200802,121862,91062,78314,69390,1,0,0,0,0,0,0,0,1,0,0,0,0
20200803,228516,176590,189280,145246,0,0,0,0,0,0,0,0,1,0,0,0,0
20200804,241128,191082,199820,152176,0,0,0,0,0,0,0,0,1,0,0,0,0
20200805,242462,192480,202124,154600,0,0,0,0,0,0,0,0,1,0,0,0,0
20200806,257398,201528,218016,159350,0,0,0,0,0,0,0,0,1,0,0,0,0
20200807,269838,222578,225540,168106,0,0,0,0,0,0,0,0,1,0,0,0,0
20200808,199054,156506,134192,114732,0,0,0,0,0,0,0,0,1,0,0,0,0
20200809,124588,88404,78202,67868,1,0,0,0,0,0,0,0,1,0,0,0,0
20200810,247300,204194,208040,158724,0,0,0,0,0,0,0,0,1,0,0,0,0
20200811,253120,201472,213524,161036,0,0,0,0,0,0,0,0,1,0,0,0,0
20200812,264456,217328,222664,164950,0,0,0,0,0,0,0,0,1,0,0,0,0
20200813,258060,214132,218848,162792,0,0,0,0,0,0,0,0,1,0,0,0,0
20200814,260386,213654,217004,162352,0,0,0,0,0,0,0,0,1,0,0,0,0
20200815,161904,128702,110900,96244,0,0,0,0,0,0,0,0,1,0,0,0,0
20200816,139724,110546,92116,80934,1,0,0,0,0,0,0,0,1,0,0,0,0
20200817,167172,137930,115210,101846,0,0,0,0,0,0,0,0,1,0,0,0,0
20200818,235318,194064,197756,152912,0,0,0,0,0,0,0,0,1,0,0,0,0
20200819,227792,186484,193152,146916,0,0,0,0,0,0,0,0,1,0,0,0,0
20200820,222846,184266,187874,145768,0,0,0,0,0,0,0,0,1,0,0,0,0
20200821,222468,184224,184706,144540,0,0,0,0,0,0,0,0,1,0,0,0,0
20200822,134908,113622,88352,85482,0,0,0,0,0,0,0,0,1,0,0,0,0
20200823,103288,84492,61792,61238,1,0,0,0,0,0,0,0,1,0,0,0,0
20200824,210846,178510,178634,140658,0,0,0,0,0,0,0,0,1,0,0,0,0
20200825,215330,181070,180324,141950,0,0,0,0,0,0,0,0,1,0,0,0,0
20200826,206658,174904,178754,138562,0,0,0,0,0,0,0,0,1,0,0,0,0
20200827,193224,160596,166536,130006,0,0,0,0,0,0,0,0,1,0,0,0,0
20200828,210416,177448,177564,139922,0,0,0,0,0,0,0,0,1,0,0,0,0
20200829,125644,107452,82262,80410,0,0,0,0,0,0,0,0,1,0,0,0,0
20200830,87868,73236,53956,54196,1,0,0,0,0,0,0,0,1,0,0,0,0
20200831,195552,171214,166018,132724,0,0,0,0,0,0,0,0,1,0,0,0,0
20200901,195072,166452,163452,130882,0,0,0,0,0,0,0,0,0,1,0,0,0
20200902,182706,157646,159964,125612,0,0,0,0,0,0,0,0,0,1,0,0,0
20200903,187016,159054,159970,125162,0,0,0,0,0,0,0,0,0,1,0,0,0
20200904,213288,182552,174478,136454,0,0,0,0,0,0,0,0,0,1,0,0,0
20200905,142628,121168,90366,85910,0,0,0,0,0,0,0,0,0,1,0,0,0
20200906,93966,80510,58214,56904,1,0,0,0,0,0,0,0,0,1,0,0,0
20200907,182580,152496,160008,125568,0,0,0,0,0,0,0,0,0,1,0,0,0
20200908,205694,182622,176102,137258,0,0,0,0,0,0,0,0,0,1,0,0,0
20200909,200092,177544,171414,135392,0,0,0,0,0,0,0,0,0,1,0,0,0
20200910,206562,183168,176310,138312,0,0,0,0,0,0,0,0,0,1,0,0,0
20200911,213898,189774,180452,141744,0,0,0,0,0,0,0,0,0,1,0,0,0
20200912,138592,123612,93888,88084,0,0,0,0,0,0,0,0,0,1,0,0,0
20200913,112322,92830,70662,65144,1,0,0,0,0,0,0,0,0,1,0,0,0
20200914,216892,195174,182660,146174,0,0,0,0,0,0,0,0,0,1,0,0,0
20200915,224268,198204,190586,149402,0,0,0,0,0,0,0,0,0,1,0,0,0
20200916,220534,189996,190364,147030,0,0,0,0,0,0,0,0,0,1,0,0,0
20200917,227508,200548,194060,150728,0,0,0,0,0,0,0,0,0,1,0,0,0
20200918,241808,210834,202722,156406,0,0,0,0,0,0,0,0,0,1,0,0,0
20200919,183874,151530,124732,107372,0,0,0,0,0,0,0,0,0,1,0,0,0
20200920,133024,106896,84948,75244,1,0,0,0,0,0,0,0,0,1,0,0,0
20200921,233444,208452,196600,157060,0,0,0,0,0,0,0,0,0,1,0,0,0
20200922,240178,212344,201686,158146,0,0,0,0,0,0,0,0,0,1,0,0,0
20200923,242720,212008,205812,159132,0,0,0,0,0,0,0,0,0,1,0,0,0
20200924,243880,212188,204554,158854,0,0,0,0,0,0,0,0,0,1,0,0,0
20200925,257612,222376,212962,164844,0,0,0,0,0,0,0,0,0,1,0,0,0
20200926,194512,161806,131660,113192,0,0,0,0,0,0,0,0,0,1,0,0,0
20200927,139884,115874,89464,77004,1,0,0,0,0,0,0,0,0,1,0,0,0
20200928,245376,220610,203730,159618,0,0,0,0,0,0,0,0,0,1,0,0,0
20200929,247042,214844,200916,157888,0,0,0,0,0,0,0,0,0,1,0,0,0
20200930,115808,99386,72948,69558,0,0,0,0,0,0,0,0,0,1,0,0,0
20201001,83926,58062,47332,51956,0,0,0,0,0,0,0,0,0,0,1,0,0
20201002,112438,76240,66848,65510,0,0,0,0,0,0,0,0,0,0,1,0,0
20201003,140970,101010,87922,79242,0,0,0,0,0,0,0,0,0,0,1,0,0
20201004,128562,91920,79618,71818,1,0,0,0,0,0,0,0,0,0,1,0,0
20201005,237090,200274,198584,157358,0,0,0,0,0,0,0,0,0,0,1,0,0
20201006,246980,205852,206708,161234,0,0,0,0,0,0,0,0,0,0,1,0,0
20201007,249676,208922,210678,162404,0,0,0,0,0,0,0,0,0,0,1,0,0
20201008,260068,217754,217508,166294,0,0,0,0,0,0,0,0,0,0,1,0,0
20201009,188718,145592,129604,105904,0,0,0,0,0,0,0,0,0,0,1,0,0
20201010,192326,151660,128160,109096,0,0,0,0,0,0,0,0,0,0,1,0,0
20201011,143882,109998,87568,80518,1,0,0,0,0,0,0,0,0,0,1,0,0
20201012,247536,215142,206160,163664,0,0,0,0,0,0,0,0,0,0,1,0,0
20201013,254002,218928,212912,166546,0,0,0,0,0,0,0,0,0,0,1,0,0
20201014,256140,218310,216700,166664,0,0,0,0,0,0,0,0,0,0,1,0,0
20201015,256264,218682,215082,167140,0,0,0,0,0,0,0,0,0,0,1,0,0
20201016,265578,224468,220510,169382,0,0,0,0,0,0,0,0,0,0,1,0,0
20201017,215492,172596,144286,126170,0,0,0,0,0,0,0,0,0,0,1,0,0
20201018,156540,121536,99232,86648,1,0,0,0,0,0,0,0,0,0,1,0,0
20201019,251886,214274,210512,166144,0,0,0,0,0,0,0,0,0,0,1,0,0
20201020,260102,223654,216762,173540,0,0,0,0,0,0,0,0,0,0,1,0,0
20201021,258624,221092,218704,172468,0,0,0,0,0,0,0,0,0,0,1,0,0
20201022,262206,219996,218654,171454,0,0,0,0,0,0,0,0,0,0,1,0,0
20201023,274378,231992,227182,176156,0,0,0,0,0,0,0,0,0,0,1,0,0
20201024,219910,175598,146876,124902,0,0,0,0,0,0,0,0,0,0,1,0,0
20201025,161674,128964,101844,91342,1,0,0,0,0,0,0,0,0,0,1,0,0
20201026,257696,221416,214868,172440,0,0,0,0,0,0,0,0,0,0,1,0,0
20201027,263048,227434,219142,172814,0,0,0,0,0,0,0,0,0,0,1,0,0
20201028,265524,224892,223154,173324,0,0,0,0,0,0,0,0,0,0,1,0,0
20201029,267692,224740,222016,173174,0,0,0,0,0,0,0,0,0,0,1,0,0
20201030,281200,234548,231234,177472,0,0,0,0,0,0,0,0,0,0,1,0,0
20201031,228670,178386,157508,129948,0,0,0,0,0,0,0,0,0,0,1,0,0
20201101,140748,110138,92764,79770,1,0,0,0,0,0,0,0,0,0,0,1,0
20201102,256676,222424,216304,170626,0,0,0,0,0,0,0,0,0,0,0,1,0
20201103,261950,221904,221988,172016,0,0,0,0,0,0,0,0,0,0,0,1,0
20201104,262384,219934,223470,172070,0,0,0,0,0,0,0,0,0,0,0,1,0
20201105,266888,225672,225404,172708,0,0,0,0,0,0,0,0,0,0,0,1,0
20201106,276834,230976,230312,175678,0,0,0,0,0,0,0,0,0,0,0,1,0
20201107,223890,177976,156258,126074,0,0,0,0,0,0,0,0,0,0,0,1,0
20201108,165644,130342,108074,89134,1,0,0,0,0,0,0,0,0,0,0,1,0
20201109,255542,219264,213948,170582,0,0,0,0,0,0,0,0,0,0,0,1,0
20201110,267346,225472,224722,174392,0,0,0,0,0,0,0,0,0,0,0,1,0
20201111,273340,226672,229330,174362,0,0,0,0,0,0,0,0,0,0,0,1,0
20201112,269868,227046,225768,174378,0,0,0,0,0,0,0,0,0,0,0,1,0
20201113,279124,223900,233352,177526,0,0,0,0,0,0,0,0,0,0,0,1,0
20201114,219144,171428,153444,124292,0,0,0,0,0,0,0,0,0,0,0,1,0
20201115,160710,125402,104778,88708,1,0,0,0,0,0,0,0,0,0,0,1,0
20201116,256846,218476,216868,169680,0,0,0,0,0,0,0,0,0,0,0,1,0
20201117,261496,218888,219002,170764,0,0,0,0,0,0,0,0,0,0,0,1,0
20201118,255072,211908,216816,167124,0,0,0,0,0,0,0,0,0,0,0,1,0
20201119,246726,196514,208084,160070,0,0,0,0,0,0,0,0,0,0,0,1,0
20201120,266726,224180,222074,170764,0,0,0,0,0,0,0,0,0,0,0,1,0
20201121,196462,154412,133392,112454,0,0,0,0,0,0,0,0,0,0,0,1,0
20201122,131718,102696,84286,74666,1,0,0,0,0,0,0,0,0,0,0,1,0
20201123,241500,206388,203952,160380,0,0,0,0,0,0,0,0,0,0,0,1,0
20201124,236824,202508,200934,157296,0,0,0,0,0,0,0,0,0,0,0,1,0
20201125,238170,205384,202052,157930,0,0,0,0,0,0,0,0,0,0,0,1,0
20201126,231744,201556,196134,153422,0,0,0,0,0,0,0,0,0,0,0,1,0
20201127,232766,201122,194962,153210,0,0,0,0,0,0,0,0,0,0,0,1,0
20201128,156092,129764,100396,97052,0,0,0,0,0,0,0,0,0,0,0,1,0
20201129,111570,91978,68968,67318,1,0,0,0,0,0,0,0,0,0,0,1,0
20201130,218868,191286,186090,149968,0,0,0,0,0,0,0,0,0,0,0,1,0
20201201,222230,191952,187026,149880,0,0,0,0,0,0,0,0,0,0,0,0,1
20201202,225318,194818,191020,150538,0,0,0,0,0,0,0,0,0,0,0,0,1
20201203,223668,192014,190996,148654,0,0,0,0,0,0,0,0,0,0,0,0,1
20201204,227268,197094,191288,150530,0,0,0,0,0,0,0,0,0,0,0,0,1
20201205,169636,129872,101156,95982,0,0,0,0,0,0,0,0,0,0,0,0,1
20201206,109924,91064,67946,66440,1,0,0,0,0,0,0,0,0,0,0,0,1
20201207,214212,188744,182182,147274,0,0,0,0,0,0,0,0,0,0,0,0,1
20201208,209572,180218,177302,142830,0,0,0,0,0,0,0,0,0,0,0,0,1
20201209,210824,181798,176760,142990,0,0,0,0,0,0,0,0,0,0,0,0,1
20201210,211502,182638,177052,142758,0,0,0,0,0,0,0,0,0,0,0,0,1
20201211,216460,187976,178886,144512,0,0,0,0,0,0,0,0,0,0,0,0,1
20201212,140924,124086,87096,88946,0,0,0,0,0,0,0,0,0,0,0,0,1
20201213,89298,72392,52082,56012,1,0,0,0,0,0,0,0,0,0,0,0,1
20201214,193052,164040,162036,132706,0,0,0,0,0,0,0,0,0,0,0,0,1
20201215,193544,162172,163224,131484,0,0,0,0,0,0,0,0,0,0,0,0,1
20201216,192732,162878,163228,129830,0,0,0,0,0,0,0,0,0,0,0,0,1
20201217,196046,168396,164876,131634,0,0,0,0,0,0,0,0,0,0,0,0,1
20201218,206516,180220,169180,138190,0,0,0,0,0,0,0,0,0,0,0,0,1
20201219,132236,110752,80434,83778,0,0,0,0,0,0,0,0,0,0,0,0,1
20201220,91408,74980,53100,56292,1,0,0,0,0,0,0,0,0,0,0,0,1
20201221,200480,173546,166926,136348,0,0,0,0,0,0,0,0,0,0,0,0,1
20201222,203848,174072,169572,137128,0,0,0,0,0,0,0,0,0,0,0,0,1
20201223,205918,176140,172444,136598,0,0,0,0,0,0,0,0,0,0,0,0,1
20201224,208856,178636,172698,136168,0,0,0,0,0,0,0,0,0,0,0,0,1
20201225,107524,89130,64272,65152,0,0,0,0,0,0,0,0,0,0,0,0,1
20201226,118248,104902,70622,75196,0,0,0,0,0,0,0,0,0,0,0,0,1
20201227,86882,73942,48626,53728,1,0,0,0,0,0,0,0,0,0,0,0,1
20201228,197012,177738,163322,134360,0,0,0,0,0,0,0,0,0,0,0,0,1
20201229,200604,176392,165672,133856,0,0,0,0,0,0,0,0,0,0,0,0,1
20201230,206182,160500,158990,128800,0,0,0,0,0,0,0,0,0,0,0,0,1
20201231,189030,162328,148362,124408,0,0,0,0,0,0,0,0,0,0,0,0,1
20210101,76604,56782,43110,45426,0,1,0,0,0,0,0,0,0,0,0,0,0
20210102,112876,93444,64414,70362,0,1,0,0,0,0,0,0,0,0,0,0,0
20210103,89120,72024,48996,53560,1,1,0,0,0,0,0,0,0,0,0,0,0
20210104,200586,179558,171852,136000,0,1,0,0,0,0,0,0,0,0,0,0,0
20210105,206370,177026,172234,136810,0,1,0,0,0,0,0,0,0,0,0,0,0
20210106,209466,172770,181020,136062,0,1,0,0,0,0,0,0,0,0,0,0,0
20210107,215102,167150,186150,139702,0,1,0,0,0,0,0,0,0,0,0,0,0
20210108,204538,159488,174390,132350,0,1,0,0,0,0,0,0,0,0,0,0,0
20210109,134824,105058,85306,82294,0,1,0,0,0,0,0,0,0,0,0,0,0
20210110,93170,73534,55296,53936,1,1,0,0,0,0,0,0,0,0,0,0,0
20210111,205292,175258,173400,136722,0,1,0,0,0,0,0,0,0,0,0,0,0
20210112,220116,191714,191716,144784,0,1,0,0,0,0,0,0,0,0,0,0,0
20210113,221502,186752,185992,145672,0,1,0,0,0,0,0,0,0,0,0,0,0
20210114,217630,193606,183312,143288,0,1,0,0,0,0,0,0,0,0,0,0,0
20210115,220646,190814,183730,143658,0,1,0,0,0,0,0,0,0,0,0,0,0
20210116,155108,133900,96244,92188,0,1,0,0,0,0,0,0,0,0,0,0,0
20210117,106102,85428,62598,61468,1,1,0,0,0,0,0,0,0,0,0,0,0
20210118,221186,185078,190148,146868,0,1,0,0,0,0,0,0,0,0,0,0,0
20210119,217998,180272,187652,141936,0,1,0,0,0,0,0,0,0,0,0,0,0
20210120,229406,201994,195016,149238,0,1,0,0,0,0,0,0,0,0,0,0,0
20210121,223168,193440,191984,146134,0,1,0,0,0,0,0,0,0,0,0,0,0
20210122,234064,199380,195954,149822,0,1,0,0,0,0,0,0,0,0,0,0,0
20210123,171918,144302,113154,100760,0,1,0,0,0,0,0,0,0,0,0,0,0
20210124,126122,98502,77980,70012,1,1,0,0,0,0,0,0,0,0,0,0,0
20210125,229980,203678,196382,150214,0,1,0,0,0,0,0,0,0,0,0,0,0
20210126,227768,191740,196694,148082,0,1,0,0,0,0,0,0,0,0,0,0,0
20210127,238408,210626,203262,152908,0,1,0,0,0,0,0,0,0,0,0,0,0
20210128,229130,191134,196846,148682,0,1,0,0,0,0,0,0,0,0,0,0,0
20210129,231168,188462,194338,146558,0,1,0,0,0,0,0,0,0,0,0,0,0
20210130,172802,145132,114400,99846,0,1,0,0,0,0,0,0,0,0,0,0,0
20210131,128180,104204,79614,71382,1,1,0,0,0,0,0,0,0,0,0,0,0
20210201,233710,206882,198070,152726,0,0,1,0,0,0,0,0,0,0,0,0,0
20210202,234426,199592,200202,150572,0,0,1,0,0,0,0,0,0,0,0,0,0
20210203,238062,211000,210940,154752,0,0,1,0,0,0,0,0,0,0,0,0,0
20210204,236076,200840,209260,155590,0,0,1,0,0,0,0,0,0,0,0,0,0
20210205,240196,219298,210838,157406,0,0,1,0,0,0,0,0,0,0,0,0,0
20210206,173796,157460,124078,106498,0,0,1,0,0,0,0,0,0,0,0,0,0
20210207,124304,110802,85646,73016,1,0,1,0,0,0,0,0,0,0,0,0,0
20210208,234108,213096,203714,155252,0,0,1,0,0,0,0,0,0,0,0,0,0
20210209,240780,214566,208662,156146,0,0,1,0,0,0,0,0,0,0,0,0,0
20210210,235642,207676,200100,151290,0,0,1,0,0,0,0,0,0,0,0,0,0
20210211,106482,91126,69150,65202,0,0,1,0,0,0,0,0,0,0,0,0,0
20210212,75254,54962,43814,49040,0,0,1,0,0,0,0,0,0,0,0,0,0
20210213,123388,87110,78924,72286,0,0,1,0,0,0,0,0,0,0,0,0,0
20210214,119348,87656,75854,68518,1,0,1,0,0,0,0,0,0,0,0,0,0
20210215,225682,188736,195988,149370,0,0,1,0,0,0,0,0,0,0,0,0,0
20210216,236628,193208,208954,153242,0,0,1,0,0,0,0,0,0,0,0,0,0
20210217,234390,187136,205212,149838,0,0,1,0,0,0,0,0,0,0,0,0,0
20210218,238818,191756,209982,152224,0,0,1,0,0,0,0,0,0,0,0,0,0
20210219,253918,211132,220270,160608,0,0,1,0,0,0,0,0,0,0,0,0,0
20210220,197828,156968,135496,112118,0,0,1,0,0,0,0,0,0,0,0,0,0
20210221,149608,110618,97806,81018,1,0,1,0,0,0,0,0,0,0,0,0,0
20210222,246264,209442,211102,157854,0,0,1,0,0,0,0,0,0,0,0,0,0
20210223,247518,206892,214440,158992,0,0,1,0,0,0,0,0,0,0,0,0,0
20210224,249868,208974,217830,159566,0,0,1,0,0,0,0,0,0,0,0,0,0
20210225,249616,206630,218960,158882,0,0,1,0,0,0,0,0,0,0,0,0,0
20210226,265776,213704,226340,163640,0,0,1,0,0,0,0,0,0,0,0,0,0
20210227,209074,160544,142756,115068,0,0,1,0,0,0,0,0,0,0,0,0,0
20210228,161276,117390,102894,85510,1,0,1,0,0,0,0,0,0,0,0,0,0
20210301,115008,92190,75376,68962,0,0,0,1,0,0,0,0,0,0,0,0,0
20210302,248316,207708,212998,160036,0,0,0,1,0,0,0,0,0,0,0,0,0
20210303,252500,211712,219408,163484,0,0,0,1,0,0,0,0,0,0,0,0,0
20210304,252726,210816,218448,161282,0,0,0,1,0,0,0,0,0,0,0,0,0
20210305,271968,222490,230732,169322,0,0,0,1,0,0,0,0,0,0,0,0,0
20210306,208538,161828,144288,116830,0,0,0,1,0,0,0,0,0,0,0,0,0
20210307,156580,117030,101774,83954,1,0,0,1,0,0,0,0,0,0,0,0,0
20210308,247594,210568,211682,162990,0,0,0,1,0,0,0,0,0,0,0,0,0
20210309,253766,214258,219194,164678,0,0,0,1,0,0,0,0,0,0,0,0,0
20210310,257996,214118,222760,165716,0,0,0,1,0,0,0,0,0,0,0,0,0
20210311,255158,212862,220288,163150,0,0,0,1,0,0,0,0,0,0,0,0,0
20210312,263794,218182,226898,167708,0,0,0,1,0,0,0,0,0,0,0,0,0
20210313,218902,164438,151006,119544,0,0,0,1,0,0,0,0,0,0,0,0,0
20210314,157610,117184,100016,83756,1,0,0,1,0,0,0,0,0,0,0,0,0
20210315,247946,211280,213568,161250,0,0,0,1,0,0,0,0,0,0,0,0,0
20210316,252672,213718,218834,164864,0,0,0,1,0,0,0,0,0,0,0,0,0
20210317,259250,216132,223754,166660,0,0,0,1,0,0,0,0,0,0,0,0,0
20210318,257786,217576,223530,165720,0,0,0,1,0,0,0,0,0,0,0,0,0
20210319,278996,227990,234586,172030,0,0,0,1,0,0,0,0,0,0,0,0,0
20210320,191694,145756,133944,109480,0,0,0,1,0,0,0,0,0,0,0,0,0
20210321,159776,120568,103472,84312,1,0,0,1,0,0,0,0,0,0,0,0,0
20210322,249154,213496,216108,163300,0,0,0,1,0,0,0,0,0,0,0,0,0
20210323,257748,217136,224126,166736,0,0,0,1,0,0,0,0,0,0,0,0,0
20210324,262568,216850,226990,167570,0,0,0,1,0,0,0,0,0,0,0,0,0
20210325,265786,220022,227892,168414,0,0,0,1,0,0,0,0,0,0,0,0,0
20210326,281684,230678,236488,173528,0,0,0,1,0,0,0,0,0,0,0,0,0
20210327,195794,151954,134900,111946,0,0,0,1,0,0,0,0,0,0,0,0,0
20210328,136554,103656,89232,75810,1,0,0,1,0,0,0,0,0,0,0,0,0
20210329,249398,214060,216562,164636,0,0,0,1,0,0,0,0,0,0,0,0,0
20210330,261896,219222,225206,167988,0,0,0,1,0,0,0,0,0,0,0,0,0
20210331,271584,219936,234148,168468,0,0,0,1,0,0,0,0,0,0,0,0,0
20210401,272712,217488,239528,168484,0,0,0,0,1,0,0,0,0,0,0,0,0
20210402,286686,228008,249862,172580,0,0,0,0,1,0,0,0,0,0,0,0,0
20210403,176284,133426,122970,101384,0,0,0,0,1,0,0,0,0,0,0,0,0
20210404,161088,119758,110216,83130,1,0,0,0,1,0,0,0,0,0,0,0,0
20210405,259340,217916,223322,166692,0,0,0,0,1,0,0,0,0,0,0,0,0
20210406,267206,219476,227458,169048,0,0,0,0,1,0,0,0,0,0,0,0,0
20210407,265652,214550,226404,167112,0,0,0,0,1,0,0,0,0,0,0,0,0
20210408,265644,218702,228032,167260,0,0,0,0,1,0,0,0,0,0,0,0,0
20210409,279422,226750,237648,172644,0,0,0,0,1,0,0,0,0,0,0,0,0
20210410,233202,170278,164752,124466,0,0,0,0,1,0,0,0,0,0,0,0,0
20210411,171928,123990,115716,87630,1,0,0,0,1,0,0,0,0,0,0,0,0
20210412,238494,200542,207870,158844,0,0,0,0,1,0,0,0,0,0,0,0,0
20210413,253656,212430,223242,165822,0,0,0,0,1,0,0,0,0,0,0,0,0
20210414,259236,214010,227872,166714,0,0,0,0,1,0,0,0,0,0,0,0,0
20210415,260254,218276,228766,167296,0,0,0,0,1,0,0,0,0,0,0,0,0
20210416,257486,212384,225736,164196,0,0,0,0,1,0,0,0,0,0,0,0,0
20210417,198844,159084,148340,116804,0,0,0,0,1,0,0,0,0,0,0,0,0
20210418,159380,120810,119132,85794,1,0,0,0,1,0,0,0,0,0,0,0,0
20210419,247194,212470,219484,165602,0,0,0,0,1,0,0,0,0,0,0,0,0
20210420,255084,216580,224476,170386,0,0,0,0,1,0,0,0,0,0,0,0,0
20210421,259046,215508,227892,171120,0,0,0,0,1,0,0,0,0,0,0,0,0
20210422,258404,214224,224506,168528,0,0,0,0,1,0,0,0,0,0,0,0,0
20210423,268880,221450,233688,170290,0,0,0,0,1,0,0,0,0,0,0,0,0
20210424,219974,164290,157020,119828,0,0,0,0,1,0,0,0,0,0,0,0,0
20210425,168252,120180,113710,87502,1,0,0,0,1,0,0,0,0,0,0,0,0
20210426,255438,214598,219138,165560,0,0,0,0,1,0,0,0,0,0,0,0,0
20210427,258400,213168,223850,167332,0,0,0,0,1,0,0,0,0,0,0,0,0
20210428,264902,215142,228140,167388,0,0,0,0,1,0,0,0,0,0,0,0,0
20210429,265482,214580,229914,167442,0,0,0,0,1,0,0,0,0,0,0,0,0
20210430,273944,221558,234456,170310,0,0,0,0,1,0,0,0,0,0,0,0,0
20210501,190458,150422,132578,106958,0,0,0,0,0,1,0,0,0,0,0,0,0
20210502,176400,124208,117106,87502,1,0,0,0,0,1,0,0,0,0,0,0,0
20210503,261288,219142,223276,166884,0,0,0,0,0,1,0,0,0,0,0,0,0
20210504,252028,202968,221618,162114,0,0,0,0,0,1,0,0,0,0,0,0,0
20210505,216954,143482,142694,102540,0,0,0,0,0,1,0,0,0,0,0,0,0
20210506,269684,219652,227656,168802,0,0,0,0,0,1,0,0,0,0,0,0,0
20210507,267482,217404,230704,168008,0,0,0,0,0,1,0,0,0,0,0,0,0
20210508,188470,148328,124840,109846,0,0,0,0,0,1,0,0,0,0,0,0,0
20210509,174498,119972,109074,87980,1,0,0,0,0,1,0,0,0,0,0,0,0
20210510,247540,207134,211706,163536,0,0,0,0,0,1,0,0,0,0,0,0,0
20210511,271102,219926,228166,169890,0,0,0,0,0,1,0,0,0,0,0,0,0
20210512,272368,218200,230292,170234,0,0,0,0,0,1,0,0,0,0,0,0,0
20210513,270604,218392,231024,169848,0,0,0,0,0,1,0,0,0,0,0,0,0
20210514,287612,226818,242178,174940,0,0,0,0,0,1,0,0,0,0,0,0,0
20210515,204680,155030,142700,117684,0,0,0,0,0,1,0,0,0,0,0,0,0
20210516,124698,91154,83344,70454,1,0,0,0,0,1,0,0,0,0,0,0,0
20210517,247506,203972,214380,162974,0,0,0,0,0,1,0,0,0,0,0,0,0
20210518,278786,225912,237234,175778,0,0,0,0,0,1,0,0,0,0,0,0,0
20210519,220630,148990,148146,110976,0,0,0,0,0,1,0,0,0,0,0,0,0
20210520,254836,209676,222130,165362,0,0,0,0,0,1,0,0,0,0,0,0,0
20210521,270122,218594,232516,170930,0,0,0,0,0,1,0,0,0,0,0,0,0
20210522,234280,171294,161810,125790,0,0,0,0,0,1,0,0,0,0,0,0,0
20210523,166680,121204,107012,89364,1,0,0,0,0,1,0,0,0,0,0,0,0
20210524,255602,214392,224308,168744,0,0,0,0,0,1,0,0,0,0,0,0,0
20210525,259386,212860,226468,168200,0,0,0,0,0,1,0,0,0,0,0,0,0
20210526,266528,218226,233178,170932,0,0,0,0,0,1,0,0,0,0,0,0,0
20210527,254706,203368,221508,163884,0,0,0,0,0,1,0,0,0,0,0,0,0
20210528,263962,212442,227842,166854,0,0,0,0,0,1,0,0,0,0,0,0,0
20210529,211828,162770,150366,118676,0,0,0,0,0,1,0,0,0,0,0,0,0
20210530,168222,124430,110862,88782,1,0,0,0,0,1,0,0,0,0,0,0,0
20210531,248406,212178,216318,165054,0,0,0,0,0,1,0,0,0,0,0,0,0
20210601,254182,210968,222914,165986,0,0,0,0,0,0,1,0,0,0,0,0,0
20210602,258998,214018,227736,167336,0,0,0,0,0,0,1,0,0,0,0,0,0
20210603,245864,201540,220360,160312,0,0,0,0,0,0,1,0,0,0,0,0,0
20210604,276408,225732,240864,173092,0,0,0,0,0,0,1,0,0,0,0,0,0
20210605,223394,169190,159946,122926,0,0,0,0,0,0,1,0,0,0,0,0,0
20210606,158070,119638,108244,85688,1,0,0,0,0,0,1,0,0,0,0,0,0
20210607,245824,208826,214786,163280,0,0,0,0,0,0,1,0,0,0,0,0,0
20210608,253802,211914,221256,167290,0,0,0,0,0,0,1,0,0,0,0,0,0
20210609,254266,210556,224148,165912,0,0,0,0,0,0,1,0,0,0,0,0,0
20210610,254952,213686,224116,165348,0,0,0,0,0,0,1,0,0,0,0,0,0
20210611,259064,214716,225738,166912,0,0,0,0,0,0,1,0,0,0,0,0,0
20210612,207238,161248,147506,118068,0,0,0,0,0,0,1,0,0,0,0,0,0
20210613,149172,115568,100690,82678,1,0,0,0,0,0,1,0,0,0,0,0,0
20210614,248958,207794,212778,165468,0,0,0,0,0,0,1,0,0,0,0,0,0
20210615,250356,206932,218626,165682,0,0,0,0,0,0,1,0,0,0,0,0,0
20210616,263826,214982,231430,170768,0,0,0,0,0,0,1,0,0,0,0,0,0
20210617,260104,216478,228738,169024,0,0,0,0,0,0,1,0,0,0,0,0,0
20210618,266456,214922,236924,169146,0,0,0,0,0,0,1,0,0,0,0,0,0
20210619,224014,170222,162994,122384,0,0,0,0,0,0,1,0,0,0,0,0,0
20210620,162606,122380,113062,87278,1,0,0,0,0,0,1,0,0,0,0,0,0
20210621,262868,218226,230408,166544,0,0,0,0,0,0,1,0,0,0,0,0,0
20210622,264992,215776,233282,169266,0,0,0,0,0,0,1,0,0,0,0,0,0
20210623,264188,215676,233676,168286,0,0,0,0,0,0,1,0,0,0,0,0,0
20210624,268482,218276,238648,169276,0,0,0,0,0,0,1,0,0,0,0,0,0
20210625,282238,229588,244828,174244,0,0,0,0,0,0,1,0,0,0,0,0,0
20210626,211278,164196,150438,119490,0,0,0,0,0,0,1,0,0,0,0,0,0
20210627,162578,123184,109422,87720,1,0,0,0,0,0,1,0,0,0,0,0,0
20210628,253104,212548,221972,166116,0,0,0,0,0,0,1,0,0,0,0,0,0
20210629,260306,214834,234408,167418,0,0,0,0,0,0,1,0,0,0,0,0,0
20210630,263160,212924,232502,167802,0,0,0,0,0,0,1,0,0,0,0,0,0
20210701,266504,217022,236130,167980,0,0,0,0,0,0,0,1,0,0,0,0,0
20210702,277480,226532,242446,172764,0,0,0,0,0,0,0,1,0,0,0,0,0
20210703,191668,155774,134550,110382,0,0,0,0,0,0,0,1,0,0,0,0,0
20210704,128884,98168,86930,74482,1,0,0,0,0,0,0,1,0,0,0,0,0
20210705,257042,217324,226096,167260,0,0,0,0,0,0,0,1,0,0,0,0,0
20210706,266650,217332,231450,168690,0,0,0,0,0,0,0,1,0,0,0,0,0
20210707,254804,210226,225262,164560,0,0,0,0,0,0,0,1,0,0,0,0,0
20210708,245764,204346,217708,158978,0,0,0,0,0,0,0,1,0,0,0,0,0
20210709,250350,211388,216558,162694,0,0,0,0,0,0,0,1,0,0,0,0,0
20210710,171120,141998,115996,105264,0,0,0,0,0,0,0,1,0,0,0,0,0
20210711,117206,95632,77630,69240,1,0,0,0,0,0,0,1,0,0,0,0,0
20210712,220168,187102,190820,148042,0,0,0,0,0,0,0,1,0,0,0,0,0
20210713,221930,187472,193520,147792,0,0,0,0,0,0,0,1,0,0,0,0,0
20210714,219296,183988,192920,146090,0,0,0,0,0,0,0,1,0,0,0,0,0
20210715,216322,182196,188432,143254,0,0,0,0,0,0,0,1,0,0,0,0,0
20210716,222268,190800,191792,147204,0,0,0,0,0,0,0,1,0,0,0,0,0
20210717,157442,130522,106530,95330,0,0,0,0,0,0,0,1,0,0,0,0,0
20210718,114092,93532,73914,65544,1,0,0,0,0,0,0,1,0,0,0,0,0
20210719,213802,185414,187260,144982,0,0,0,0,0,0,0,1,0,0,0,0,0
20210720,221490,189390,194200,147038,0,0,0,0,0,0,0,1,0,0,0,0,0
20210721,219884,183644,192450,144824,0,0,0,0,0,0,0,1,0,0,0,0,0
20210722,215700,179774,189892,143080,0,0,0,0,0,0,0,1,0,0,0,0,0
20210723,223632,188824,193224,146172,0,0,0,0,0,0,0,1,0,0,0,0,0
20210724,155328,126310,103860,94126,0,0,0,0,0,0,0,1,0,0,0,0,0
20210725,108944,90306,69452,64292,1,0,0,0,0,0,0,1,0,0,0,0,0
20210726,214142,183838,188774,142974,0,0,0,0,0,0,0,1,0,0,0,0,0
20210727,217014,182536,189402,142178,0,0,0,0,0,0,0,1,0,0,0,0,0
20210728,216066,181804,190328,141758,0,0,0,0,0,0,0,1,0,0,0,0,0
20210729,214762,180480,187322,140104,0,0,0,0,0,0,0,1,0,0,0,0,0
20210730,220072,186010,190568,143572,0,0,0,0,0,0,0,1,0,0,0,0,0
20210731,152464,126062,103406,91858,0,0,0,0,0,0,0,1,0,0,0,0,0
20210801,107370,91326,71094,63508,1,0,0,0,0,0,0,0,1,0,0,0,0
20210802,204180,174200,177194,135358,0,0,0,0,0,0,0,0,1,0,0,0,0
20210803,211136,175592,180496,138172,0,0,0,0,0,0,0,0,1,0,0,0,0
20210804,212906,174332,183660,138526,0,0,0,0,0,0,0,0,1,0,0,0,0
20210805,216644,180982,189674,140858,0,0,0,0,0,0,0,0,1,0,0,0,0
20210806,220406,185198,190308,143406,0,0,0,0,0,0,0,0,1,0,0,0,0
20210807,162044,133512,112254,97868,0,0,0,0,0,0,0,0,1,0,0,0,0
20210808,116928,96618,76176,67514,1,0,0,0,0,0,0,0,1,0,0,0,0
20210809,220030,189028,189182,145740,0,0,0,0,0,0,0,0,1,0,0,0,0
20210810,226188,189370,195806,146138,0,0,0,0,0,0,0,0,1,0,0,0,0
20210811,225712,186092,196424,147436,0,0,0,0,0,0,0,0,1,0,0,0,0
20210812,221694,186666,194980,144390,0,0,0,0,0,0,0,0,1,0,0,0,0
20210813,228690,193004,198172,147164,0,0,0,0,0,0,0,0,1,0,0,0,0
20210814,167674,139386,115764,100740,0,0,0,0,0,0,0,0,1,0,0,0,0
20210815,131318,102924,86662,73364,1,0,0,0,0,0,0,0,1,0,0,0,0
20210816,157638,131688,109254,94944,0,0,0,0,0,0,0,0,1,0,0,0,0
20210817,227146,192506,200092,149060,0,0,0,0,0,0,0,0,1,0,0,0,0
20210818,229792,190158,199622,149604,0,0,0,0,0,0,0,0,1,0,0,0,0
20210819,233680,195038,203678,150492,0,0,0,0,0,0,0,0,1,0,0,0,0
20210820,237524,202934,205702,152948,0,0,0,0,0,0,0,0,1,0,0,0,0
20210821,150198,119148,107326,91182,0,0,0,0,0,0,0,0,1,0,0,0,0
20210822,131272,107800,87230,73780,1,0,0,0,0,0,0,0,1,0,0,0,0
20210823,223342,189746,198252,147796,0,0,0,0,0,0,0,0,1,0,0,0,0
20210824,222174,184724,196560,145954,0,0,0,0,0,0,0,0,1,0,0,0,0
20210825,234676,198940,207158,152872,0,0,0,0,0,0,0,0,1,0,0,0,0
20210826,234958,201126,206520,152398,0,0,0,0,0,0,0,0,1,0,0,0,0
20210827,235096,199788,204738,152024,0,0,0,0,0,0,0,0,1,0,0,0,0
20210828,184690,154990,131068,106968,0,0,0,0,0,0,0,0,1,0,0,0,0
20210829,138940,111282,93776,76126,1,0,0,0,0,0,0,0,1,0,0,0,0
20210830,232046,203760,204924,153846,0,0,0,0,0,0,0,0,1,0,0,0,0
20210831,224986,186690,202188,147176,0,0,0,0,0,0,0,0,1,0,0,0,0
20210901,234224,196930,205472,152932,0,0,0,0,0,0,0,0,0,1,0,0,0
20210902,237188,204984,207900,154524,0,0,0,0,0,0,0,0,0,1,0,0,0
20210903,253436,213106,218102,160272,0,0,0,0,0,0,0,0,0,1,0,0,0
20210904,203246,160586,143430,111958,0,0,0,0,0,0,0,0,0,1,0,0,0
20210905,151510,117158,101534,80454,1,0,0,0,0,0,0,0,0,1,0,0,0
20210906,234334,206064,205852,155570,0,0,0,0,0,0,0,0,0,1,0,0,0
20210907,226038,184494,199606,149400,0,0,0,0,0,0,0,0,0,1,0,0,0
20210908,246336,211296,215948,159952,0,0,0,0,0,0,0,0,0,1,0,0,0
20210909,245404,212680,214992,158308,0,0,0,0,0,0,0,0,0,1,0,0,0
20210910,255140,218514,221578,162558,0,0,0,0,0,0,0,0,0,1,0,0,0
20210911,209542,168380,153182,114150,0,0,0,0,0,0,0,0,0,1,0,0,0
20210912,157126,122660,109240,82432,1,0,0,0,0,0,0,0,0,1,0,0,0
20210913,241214,213058,210294,159766,0,0,0,0,0,0,0,0,0,1,0,0,0
20210914,246078,214988,213424,160396,0,0,0,0,0,0,0,0,0,1,0,0,0
20210915,253418,219046,220464,162464,0,0,0,0,0,0,0,0,0,1,0,0,0
20210916,253372,224088,219120,162306,0,0,0,0,0,0,0,0,0,1,0,0,0
20210917,261200,223738,222470,164604,0,0,0,0,0,0,0,0,0,1,0,0,0
20210918,188330,162096,126496,107912,0,0,0,0,0,0,0,0,0,1,0,0,0
20210919,137170,120192,89204,78766,1,0,0,0,0,0,0,0,0,1,0,0,0
20210920,110048,90704,69100,64026,0,0,0,0,0,0,0,0,0,1,0,0,0
20210921,85670,58758,49030,52804,0,0,0,0,0,0,0,0,0,1,0,0,0
20210922,130392,86312,84268,71546,0,0,0,0,0,0,0,0,0,1,0,0,0
20210923,230506,187654,194338,150768,0,0,0,0,0,0,0,0,0,1,0,0,0
20210924,250510,201434,212418,159898,0,0,0,0,0,0,0,0,0,1,0,0,0
20210925,197026,149638,135692,110504,0,0,0,0,0,0,0,0,0,1,0,0,0
20210926,150846,110132,99044,79250,1,0,0,0,0,0,0,0,0,1,0,0,0
20210927,238514,202906,211466,159350,0,0,0,0,0,0,0,0,0,1,0,0,0
20210928,240832,200778,212760,160206,0,0,0,0,0,0,0,0,0,1,0,0,0
20210929,234176,188040,207222,153400,0,0,0,0,0,0,0,0,0,1,0,0,0
20210930,248192,207460,215172,162338,0,0,0,0,0,0,0,0,0,1,0,0,0
20211001,262092,213838,224162,164520,0,0,0,0,0,0,0,0,0,0,1,0,0
20211002,208464,158604,146218,116198,0,0,0,0,0,0,0,0,0,0,1,0,0
20211003,167940,119694,112726,86560,1,0,0,0,0,0,0,0,0,0,1,0,0
20211004,163122,134332,115086,97520,0,0,0,0,0,0,0,0,0,0,1,0,0
20211005,241338,202586,213634,160946,0,0,0,0,0,0,0,0,0,0,1,0,0
20211006,243184,195360,212730,158300,0,0,0,0,0,0,0,0,0,0,1,0,0
20211007,244212,203646,214622,160320,0,0,0,0,0,0,0,0,0,0,1,0,0
20211008,255456,208812,220142,163170,0,0,0,0,0,0,0,0,0,0,1,0,0
20211009,200042,156232,138850,107286,0,0,0,0,0,0,0,0,0,0,1,0,0
20211010,143474,107436,96616,77446,1,0,0,0,0,0,0,0,0,0,1,0,0
20211011,182778,147964,123540,104410,0,0,0,0,0,0,0,0,0,0,1,0,0
20211012,248384,208764,217210,163248,0,0,0,0,0,0,0,0,0,0,1,0,0
20211013,256266,211640,223356,164796,0,0,0,0,0,0,0,0,0,0,1,0,0
20211014,252256,212022,220554,163130,0,0,0,0,0,0,0,0,0,0,1,0,0
20211015,260290,215080,225004,165520,0,0,0,0,0,0,0,0,0,0,1,0,0
20211016,208986,166044,150378,121044,0,0,0,0,0,0,0,0,0,0,1,0,0
20211017,148980,116500,102234,82936,1,0,0,0,0,0,0,0,0,0,1,0,0
20211018,240230,203378,211942,159112,0,0,0,0,0,0,0,0,0,0,1,0,0
20211019,246284,205030,215528,161660,0,0,0,0,0,0,0,0,0,0,1,0,0
20211020,254354,214084,224448,167568,0,0,0,0,0,0,0,0,0,0,1,0,0
20211021,253238,214096,223938,166240,0,0,0,0,0,0,0,0,0,0,1,0,0
20211022,265876,222832,231838,170004,0,0,0,0,0,0,0,0,0,0,1,0,0
20211023,222178,173422,160902,123694,0,0,0,0,0,0,0,0,0,0,1,0,0
20211024,163906,126880,111910,86740,1,0,0,0,0,0,0,0,0,0,1,0,0
20211025,251012,216158,221078,167586,0,0,0,0,0,0,0,0,0,0,1,0,0
20211026,258992,218574,226684,169794,0,0,0,0,0,0,0,0,0,0,1,0,0
20211027,263298,218866,231542,168166,0,0,0,0,0,0,0,0,0,0,1,0,0
20211028,262718,219332,230210,168016,0,0,0,0,0,0,0,0,0,0,1,0,0
20211029,276426,226230,238244,170076,0,0,0,0,0,0,0,0,0,0,1,0,0
20211030,230836,174614,169422,126132,0,0,0,0,0,0,0,0,0,0,1,0,0
20211031,176816,131096,124518,91952,1,0,0,0,0,0,0,0,0,0,1,0,0
20211101,253758,216198,224180,166680,0,0,0,0,0,0,0,0,0,0,0,1,0
20211102,260026,218540,232142,169210,0,0,0,0,0,0,0,0,0,0,0,1,0
20211103,266088,220804,235096,170146,0,0,0,0,0,0,0,0,0,0,0,1,0
20211104,264106,219278,235110,170232,0,0,0,0,0,0,0,0,0,0,0,1,0
20211105,279806,230054,246104,174736,0,0,0,0,0,0,0,0,0,0,0,1,0
20211106,233434,182744,177964,129634,0,0,0,0,0,0,0,0,0,0,0,1,0
20211107,176838,136704,133870,93490,1,0,0,0,0,0,0,0,0,0,0,1,0
20211108,240576,195198,213708,157966,0,0,0,0,0,0,0,0,0,0,0,1,0
20211109,252958,207220,225764,164248,0,0,0,0,0,0,0,0,0,0,0,1,0
20211110,265316,217192,237014,172168,0,0,0,0,0,0,0,0,0,0,0,1,0
20211111,269686,221912,238086,172516,0,0,0,0,0,0,0,0,0,0,0,1,0
20211112,274850,226984,242214,175096,0,0,0,0,0,0,0,0,0,0,0,1,0
20211113,223090,183912,165152,124764,0,0,0,0,0,0,0,0,0,0,0,1,0
20211114,167324,130230,116468,89754,1,0,0,0,0,0,0,0,0,0,0,1,0
20211115,254402,214048,222400,167202,0,0,0,0,0,0,0,0,0,0,0,1,0
20211116,261932,216450,231478,171606,0,0,0,0,0,0,0,0,0,0,0,1,0
20211117,266320,219978,238344,172002,0,0,0,0,0,0,0,0,0,0,0,1,0
20211118,262574,215052,230824,168968,0,0,0,0,0,0,0,0,0,0,0,1,0
20211119,278492,227824,242358,173852,0,0,0,0,0,0,0,0,0,0,0,1,0
20211120,238342,175376,166528,127678,0,0,0,0,0,0,0,0,0,0,0,1,0
20211121,160422,127988,117532,87706,1,0,0,0,0,0,0,0,0,0,0,1,0
20211122,254376,211274,223678,168076,0,0,0,0,0,0,0,0,0,0,0,1,0
20211123,259322,209178,230240,169298,0,0,0,0,0,0,0,0,0,0,0,1,0
20211124,263458,213104,233068,170598,0,0,0,0,0,0,0,0,0,0,0,1,0
20211125,266820,220832,233966,171988,0,0,0,0,0,0,0,0,0,0,0,1,0
20211126,274590,225730,240224,174884,0,0,0,0,0,0,0,0,0,0,0,1,0
20211127,220448,172860,163560,123462,0,0,0,0,0,0,0,0,0,0,0,1,0
20211128,165324,129172,117740,87994,1,0,0,0,0,0,0,0,0,0,0,1,0
20211129,255652,213180,223938,167294,0,0,0,0,0,0,0,0,0,0,0,1,0
20211130,246246,193338,219764,162428,0,0,0,0,0,0,0,0,0,0,0,1,0
20211201,258440,206602,229744,168230,0,0,0,0,0,0,0,0,0,0,0,0,1
20211202,256782,209806,228114,166488,0,0,0,0,0,0,0,0,0,0,0,0,1
20211203,268718,219506,239250,171426,0,0,0,0,0,0,0,0,0,0,0,0,1
20211204,205690,163128,152104,118566,0,0,0,0,0,0,0,0,0,0,0,0,1
20211205,149786,121350,109450,85040,1,0,0,0,0,0,0,0,0,0,0,0,1
20211206,246898,205066,218106,165424,0,0,0,0,0,0,0,0,0,0,0,0,1
20211207,253084,208646,222658,167588,0,0,0,0,0,0,0,0,0,0,0,0,1
20211208,253370,208734,223864,165850,0,0,0,0,0,0,0,0,0,0,0,0,1
20211209,252686,208016,222306,164242,0,0,0,0,0,0,0,0,0,0,0,0,1
20211210,259118,211234,228396,165876,0,0,0,0,0,0,0,0,0,0,0,0,1
20211211,199056,158358,144562,116608,0,0,0,0,0,0,0,0,0,0,0,0,1
20211212,146352,116912,104552,80926,1,0,0,0,0,0,0,0,0,0,0,0,1
20211213,238812,194150,207972,157880,0,0,0,0,0,0,0,0,0,0,0,0,1
20211214,246174,201718,217732,163116,0,0,0,0,0,0,0,0,0,0,0,0,1
20211215,251850,203590,225534,164622,0,0,0,0,0,0,0,0,0,0,0,0,1
20211216,253974,207302,226156,163960,0,0,0,0,0,0,0,0,0,0,0,0,1
20211217,261326,207570,231758,164214,0,0,0,0,0,0,0,0,0,0,0,0,1
20211218,197632,147762,147928,109364,0,0,0,0,0,0,0,0,0,0,0,0,1
20211219,151068,114452,110312,81320,1,0,0,0,0,0,0,0,0,0,0,0,1
20211220,247318,207320,222514,161680,0,0,0,0,0,0,0,0,0,0,0,0,1
20211221,257610,210912,229576,165124,0,0,0,0,0,0,0,0,0,0,0,0,1
20211222,264174,213894,234426,164582,0,0,0,0,0,0,0,0,0,0,0,0,1
20211223,265948,216090,234644,164316,0,0,0,0,0,0,0,0,0,0,0,0,1
20211224,272398,221230,237126,163788,0,0,0,0,0,0,0,0,0,0,0,0,1
20211225,173466,123184,116334,90148,0,0,0,0,0,0,0,0,0,0,0,0,1
20211226,129550,97452,85164,68650,1,0,0,0,0,0,0,0,0,0,0,0,1
20211227,237440,191910,208000,150440,0,0,0,0,0,0,0,0,0,0,0,0,1
20211228,251670,204414,221636,158220,0,0,0,0,0,0,0,0,0,0,0,0,1
20211229,258842,212810,228018,162176,0,0,0,0,0,0,0,0,0,0,0,0,1
20211230,274530,208734,225432,159114,0,0,0,0,0,0,0,0,0,0,0,0,1
20211231,248242,201202,201358,150972,0,0,0,0,0,0,0,0,0,0,0,0,1
20220101,181762,144276,119433,99765,0,1,0,0,0,0,0,0,0,0,0,0,0
20220102,200440,152602,145787,119785,1,1,0,0,0,0,0,0,0,0,0,0,0
20220103,248031,208301,211636,157965,0,1,0,0,0,0,0,0,0,0,0,0,0
20220104,248886,206579,214149,159471,0,1,0,0,0,0,0,0,0,0,0,0,0
20220105,265088,215270,229041,167790,0,1,0,0,0,0,0,0,0,0,0,0,0
20220106,265088,215270,230843,169565,0,1,0,0,0,0,0,0,0,0,0,0,0
20220107,260754,211961,224398,167248,0,1,0,0,0,0,0,0,0,0,0,0,0
20220108,181320,140730,128465,100466,0,1,0,0,0,0,0,0,0,0,0,0,0
20220109,189623,150626,129510,111226,1,1,0,0,0,0,0,0,0,0,0,0,0
20220110,250044,208301,211636,157965,0,1,0,0,0,0,0,0,0,0,0,0,0
20220111,249484,207961,219015,163478,0,1,0,0,0,0,0,0,0,0,0,0,0
20220112,248886,206579,203163,157466,0,1,0,0,0,0,0,0,0,0,0,0,0
20220113,158090,124595,101692,85402,0,1,0,0,0,0,0,0,0,0,0,0,0
20220114,158090,124595,101692,85402,0,1,0,0,0,0,0,0,0,0,0,0,0
20220115,164239,125969,108218,87986,0,1,0,0,0,0,0,0,0,0,0,0,0
20220116,155429,120066,101692,85402,1,1,0,0,0,0,0,0,0,0,0,0,0
20220117,249257,207268,217655,159471,0,1,0,0,0,0,0,0,0,0,0,0,0
20220118,265088,215270,231112,169565,0,1,0,0,0,0,0,0,0,0,0,0,0
20220119,248887,206579,214204,161613,0,1,0,0,0,0,0,0,0,0,0,0,0
20220120,265088,215270,231112,169565,0,1,0,0,0,0,0,0,0,0,0,0,0
20220121,261756,212877,223393,165445,0,1,0,0,0,0,0,0,0,0,0,0,0
20220122,187706,148053,134279,107639,0,1,0,0,0,0,0,0,0,0,0,0,0
20220123,151487,112281,94208,79726,1,1,0,0,0,0,0,0,0,0,0,0,0
20220124,260754,211961,224898,167248,0,1,0,0,0,0,0,0,0,0,0,0,0
20220125,261756,213418,226197,167372,0,1,0,0,0,0,0,0,0,0,0,0,0
20220126,261756,213418,226197,167372,0,1,0,0,0,0,0,0,0,0,0,0,0
20220127,261756,213418,226197,167372,0,1,0,0,0,0,0,0,0,0,0,0,0
20220128,254388,202229,214780,158079,0,1,0,0,0,0,0,0,0,0,0,0,0
20220129,168047,134815,125260,103215,0,1,0,0,0,0,0,0,0,0,0,0,0
20220130,173151,144313,140396,107747,1,1,0,0,0,0,0,0,0,0,0,0,0
20220131,155429,120066,101692,85402,0,1,0,0,0,0,0,0,0,0,0,0,0
20220201,261756,213418,226197,167372,0,0,1,0,0,0,0,0,0,0,0,0,0
20220202,261756,213418,226197,167372,0,0,1,0,0,0,0,0,0,0,0,0,0
20220203,261756,213418,226197,167372,0,0,1,0,0,0,0,0,0,0,0,0,0
20220204,244706,195957,204749,153731,0,0,1,0,0,0,0,0,0,0,0,0,0
20220205,177635,144115,160259,120636,0,0,1,0,0,0,0,0,0,0,0,0,0
20220206,146684,112235,92053,78889,1,0,1,0,0,0,0,0,0,0,0,0,0
20220207,261756,213418,226197,167372,0,0,1,0,0,0,0,0,0,0,0,0,0
20220208,261756,212877,223393,165445,0,0,1,0,0,0,0,0,0,0,0,0,0
20220209,264041,219730,219042,166252,0,0,1,0,0,0,0,0,0,0,0,0,0
20220210,261756,212877,223393,165445,0,0,1,0,0,0,0,0,0,0,0,0,0
20220211,260941,211361,214083,161959,0,0,1,0,0,0,0,0,0,0,0,0,0
20220212,187019,149508,157674,120636,0,0,1,0,0,0,0,0,0,0,0,0,0
20220213,146684,112235,92053,78889,1,0,1,0,0,0,0,0,0,0,0,0,0
20220214,261756,213418,226197,167372,0,0,1,0,0,0,0,0,0,0,0,0,0
20220215,261756,213418,226197,167372,0,0,1,0,0,0,0,0,0,0,0,0,0
20220216,260941,211361,214083,161959,0,0,1,0,0,0,0,0,0,0,0,0,0
20220217,264041,219730,218542,166252,0,0,1,0,0,0,0,0,0,0,0,0,0
20220218,226359,187984,193973,148692,0,0,1,0,0,0,0,0,0,0,0,0,0
20220219,187970,149071,135910,107798,0,0,1,0,0,0,0,0,0,0,0,0,0
20220220,173151,144313,140099,107747,1,0,1,0,0,0,0,0,0,0,0,0,0
20220221,261756,213418,226197,167372,0,0,1,0,0,0,0,0,0,0,0,0,0
20220222,264041,219730,218542,166252,0,0,1,0,0,0,0,0,0,0,0,0,0
20220223,260941,211361,214083,161959,0,0,1,0,0,0,0,0,0,0,0,0,0
20220224,246671,195957,205256,153731,0,0,1,0,0,0,0,0,0,0,0,0,0
20220225,226359,187984,193973,148692,0,0,1,0,0,0,0,0,0,0,0,0,0
20220226,187706,148053,134279,107639,0,0,1,0,0,0,0,0,0,0,0,0,0
20220227,162230,110686,115665,91204,1,0,1,0,0,0,0,0,0,0,0,0,0
20220228,261756,213418,226197,167372,0,0,1,0,0,0,0,0,0,0,0,0,0
20220301,260941,211361,214083,161959,0,0,0,1,0,0,0,0,0,0,0,0,0
20220302,228324,187984,198033,149507,0,0,0,1,0,0,0,0,0,0,0,0,0
20220303,225939,186797,196268,147742,0,0,0,1,0,0,0,0,0,0,0,0,0
20220304,200385,172084,178024,136546,0,0,0,1,0,0,0,0,0,0,0,0,0
20220305,206861,160714,160018,122526,0,0,0,1,0,0,0,0,0,0,0,0,0
20220306,188849,151219,149325,112816,1,0,0,1,0,0,0,0,0,0,0,0,0
20220307,260941,211361,214083,161959,0,0,0,1,0,0,0,0,0,0,0,0,0
20220308,245239,195957,205256,153731,0,0,0,1,0,0,0,0,0,0,0,0,0
20220309,260941,211361,214083,161959,0,0,0,1,0,0,0,0,0,0,0,0,0
20220310,246671,195957,205256,153731,0,0,0,1,0,0,0,0,0,0,0,0,0
20220311,224508,187984,192208,148692,0,0,0,1,0,0,0,0,0,0,0,0,0
20220312,193282,140861,139244,112392,0,0,0,1,0,0,0,0,0,0,0,0,0
20220313,177327,144228,144570,109077,1,0,0,1,0,0,0,0,0,0,0,0,0
20220314,251094,209418,222745,165378,0,0,0,1,0,0,0,0,0,0,0,0,0
20220315,264041,219730,219042,166252,0,0,0,1,0,0,0,0,0,0,0,0,0
20220316,246671,195957,205756,153731,0,0,0,1,0,0,0,0,0,0,0,0,0
20220317,246671,195957,205256,153731,0,0,0,1,0,0,0,0,0,0,0,0,0
20220318,257489,210796,220252,165445,0,0,0,1,0,0,0,0,0,0,0,0,0
20220319,189702,154232,168205,124168,0,0,0,1,0,0,0,0,0,0,0,0,0
20220320,157606,119917,103640,87482,1,0,0,1,0,0,0,0,0,0,0,0,0
20220321,269350,222351,229104,168710,0,0,0,1,0,0,0,0,0,0,0,0,0
20220322,262610,219730,214482,165436,0,0,0,1,0,0,0,0,0,0,0,0,0
20220323,245239,195957,201196,152916,0,0,0,1,0,0,0,0,0,0,0,0,0
20220324,264041,219730,219042,166252,0,0,0,1,0,0,0,0,0,0,0,0,0
20220325,226893,187984,194480,148692,0,0,0,1,0,0,0,0,0,0,0,0,0
20220326,184027,149508,157674,120636,0,0,0,1,0,0,0,0,0,0,0,0,0
20220327,186662,148491,146325,109947,1,0,0,1,0,0,0,0,0,0,0,0,0
20220328,269350,221810,225801,166783,0,0,0,1,0,0,0,0,0,0,0,0,0
20220329,264041,219730,219042,166252,0,0,0,1,0,0,0,0,0,0,0,0,0
20220330,246671,195957,205256,153731,0,0,0,1,0,0,0,0,0,0,0,0,0
20220331,246671,195957,205256,153731,0,0,0,1,0,0,0,0,0,0,0,0,0
20220401,226359,187984,193973,148692,0,0,0,0,1,0,0,0,0,0,0,0,0
20220402,184966,147400,135910,107587,0,0,0,0,1,0,0,0,0,0,0,0,0
20220403,177327,144228,144570,109077,1,0,0,0,1,0,0,0,0,0,0,0,0
20220404,260941,211361,214083,161959,0,0,0,0,1,0,0,0,0,0,0,0,0
20220405,261756,213418,227437,169147,0,0,0,0,1,0,0,0,0,0,0,0,0
20220406,159788,130632,115140,96836,0,0,0,0,1,0,0,0,0,0,0,0,0
20220407,245239,195957,205256,153731,0,0,0,0,1,0,0,0,0,0,0,0,0
20220408,246671,195957,205256,153731,0,0,0,0,1,0,0,0,0,0,0,0,0
20220409,191906,149469,135910,107908,0,0,0,0,1,0,0,0,0,0,0,0,0
20220410,193988,155145,153492,118669,1,0,0,0,1,0,0,0,0,0,0,0,0
20220411,261756,213418,226197,167372,0,0,0,0,1,0,0,0,0,0,0,0,0
20220412,245239,195957,200689,152916,0,0,0,0,1,0,0,0,0,0,0,0,0
20220413,244706,195957,200689,152916,0,0,0,0,1,0,0,0,0,0,0,0,0
20220414,245239,195957,201196,152916,0,0,0,0,1,0,0,0,0,0,0,0,0
20220415,206748,176565,180817,138676,0,0,0,0,1,0,0,0,0,0,0,0,0
20220416,168293,135551,128830,105249,0,0,0,0,1,0,0,0,0,0,0,0,0
20220417,138038,104376,80355,69208,1,0,0,0,1,0,0,0,0,0,0,0,0
20220418,261756,213418,226197,167372,0,0,0,0,1,0,0,0,0,0,0,0,0
20220419,224508,187984,192208,148692,0,0,0,0,1,0,0,0,0,0,0,0,0
20220420,188931,151237,157978,120636,0,0,0,0,1,0,0,0,0,0,0,0,0
20220421,261756,212877,223393,165445,0,0,0,0,1,0,0,0,0,0,0,0,0
20220422,245239,195957,201196,152916,0,0,0,0,1,0,0,0,0,0,0,0,0
20220423,204319,158215,156333,127848,0,0,0,0,1,0,0,0,0,0,0,0,0
20220424,193988,155145,153195,118669,1,0,0,0,1,0,0,0,0,0,0,0,0
20220425,262610,219730,218542,166252,0,0,0,0,1,0,0,0,0,0,0,0,0
20220426,260941,211361,214582,161959,0,0,0,0,1,0,0,0,0,0,0,0,0
20220427,226893,187984,194480,148692,0,0,0,0,1,0,0,0,0,0,0,0,0
20220428,261756,212877,223393,165445,0,0,0,0,1,0,0,0,0,0,0,0,0
20220429,246671,195957,205756,153731,0,0,0,0,1,0,0,0,0,0,0,0,0
20220430,184830,149091,159955,120636,0,0,0,0,1,0,0,0,0,0,0,0,0
20220501,193988,153750,153195,118669,1,0,0,0,0,1,0,0,0,0,0,0,0
20220502,261756,213418,226197,167372,0,0,0,0,0,1,0,0,0,0,0,0,0
20220503,264041,219730,219042,166252,0,0,0,0,0,1,0,0,0,0,0,0,0
20220504,246671,195957,205756,153731,0,0,0,0,0,1,0,0,0,0,0,0,0
20220505,261756,213418,227437,169147,0,0,0,0,0,1,0,0,0,0,0,0,0
20220506,217277,179214,187757,145474,0,0,0,0,0,1,0,0,0,0,0,0,0
20220507,196935,147915,143567,113585,0,0,0,0,0,1,0,0,0,0,0,0,0
20220508,162382,120802,107362,86514,1,0,0,0,0,1,0,0,0,0,0,0,0
20220509,261756,213418,226197,167372,0,0,0,0,0,1,0,0,0,0,0,0,0
20220510,269350,221810,226300,166783,0,0,0,0,0,1,0,0,0,0,0,0,0
20220511,264041,219730,219042,166252,0,0,0,0,0,1,0,0,0,0,0,0,0
20220512,257489,210796,220252,165445,0,0,0,0,0,1,0,0,0,0,0,0,0
20220513,260941,211361,214083,161959,0,0,0,0,0,1,0,0,0,0,0,0,0
20220514,187526,151557,163449,122670,0,0,0,0,0,1,0,0,0,0,0,0,0
20220515,150545,112516,94125,80778,1,0,0,0,0,1,0,0,0,0,0,0,0
20220516,261756,213418,226197,167372,0,0,0,0,0,1,0,0,0,0,0,0,0
20220517,269350,222351,229104,168710,0,0,0,0,0,1,0,0,0,0,0,0,0
20220518,245239,195957,201196,152916,0,0,0,0,0,1,0,0,0,0,0,0,0
20220519,245239,195957,205256,153731,0,0,0,0,0,1,0,0,0,0,0,0,0
20220520,226893,187984,198540,149507,0,0,0,0,0,1,0,0,0,0,0,0,0
20220521,193282,140861,139244,112392,0,0,0,0,0,1,0,0,0,0,0,0,0
20220522,186662,148491,146028,109947,1,0,0,0,0,1,0,0,0,0,0,0,0
20220523,246671,195957,205256,153731,0,0,0,0,0,1,0,0,0,0,0,0,0
20220524,226893,187984,198540,149507,0,0,0,0,0,1,0,0,0,0,0,0,0
20220525,228324,187984,198540,149507,0,0,0,0,0,1,0,0,0,0,0,0,0
20220526,225042,186797,196775,147742,0,0,0,0,0,1,0,0,0,0,0,0,0
20220527,207476,176565,180817,138740,0,0,0,0,0,1,0,0,0,0,0,0,0
20220528,184830,149091,159955,120636,0,0,0,0,0,1,0,0,0,0,0,0,0
20220529,188849,152748,149028,112816,1,0,0,0,0,1,0,0,0,0,0,0,0
20220530,269350,222351,229104,168710,0,0,0,0,0,1,0,0,0,0,0,0,0
20220531,228324,187984,198540,149507,0,0,0,0,0,1,0,0,0,0,0,0,0
20220601,246671,195957,205756,153731,0,0,0,0,0,0,1,0,0,0,0,0,0
20220602,228324,187984,198540,149507,0,0,0,0,0,0,1,0,0,0,0,0,0
20220603,204142,170757,179900,137779,0,0,0,0,0,0,1,0,0,0,0,0,0
20220604,187970,149071,135910,107798,0,0,0,0,0,0,1,0,0,0,0,0,0
20220605,172212,126240,109331,91214,1,0,0,0,0,0,1,0,0,0,0,0,0
20220606,264041,219730,218542,166252,0,0,0,0,0,0,1,0,0,0,0,0,0
20220607,245239,195957,205256,153731,0,0,0,0,0,0,1,0,0,0,0,0,0
20220608,257489,210796,220252,165445,0,0,0,0,0,0,1,0,0,0,0,0,0
20220609,261756,213418,226197,167372,0,0,0,0,0,0,1,0,0,0,0,0,0
20220610,261756,213418,226197,167372,0,0,0,0,0,0,1,0,0,0,0,0,0
20220611,181762,144276,119433,100116,0,0,0,0,0,0,1,0,0,0,0,0,0
20220612,191540,150726,135492,111690,1,0,0,0,0,0,1,0,0,0,0,0,0
20220613,250091,208413,215949,159471,0,0,0,0,0,0,1,0,0,0,0,0,0
20220614,249259,207268,215949,159471,0,0,0,0,0,0,1,0,0,0,0,0,0
20220615,246616,204892,215949,159471,0,0,0,0,0,0,1,0,0,0,0,0,0
20220616,232123,194030,205347,147656,0,0,0,0,0,0,1,0,0,0,0,0,0
20220617,250090,208413,217655,159471,0,0,0,0,0,0,1,0,0,0,0,0,0
20220618,197083,146855,131075,103628,0,0,0,0,0,0,1,0,0,0,0,0,0
20220619,197479,160133,149125,121389,1,0,0,0,0,0,1,0,0,0,0,0,0
20220620,250021,208100,215949,159471,0,0,0,0,0,0,1,0,0,0,0,0,0
20220621,249257,207268,217655,159471,0,0,0,0,0,0,1,0,0,0,0,0,0
20220622,233802,196427,205022,147991,0,0,0,0,0,0,1,0,0,0,0,0,0
20220623,232123,194030,205347,147656,0,0,0,0,0,0,1,0,0,0,0,0,0
20220624,248868,206955,217655,159471,0,0,0,0,0,0,1,0,0,0,0,0,0
20220625,179108,135097,119348,97214,0,0,0,0,0,0,1,0,0,0,0,0,0
20220626,158090,124595,101692,85402,1,0,0,0,0,0,1,0,0,0,0,0,0
20220627,233406,196010,205022,147991,0,0,0,0,0,0,1,0,0,0,0,0,0
20220628,232903,196010,200573,145402,0,0,0,0,0,0,1,0,0,0,0,0,0
20220629,232123,194030,201436,145067,0,0,0,0,0,0,1,0,0,0,0,0,0
20220630,232627,194030,201436,145067,0,0,0,0,0,0,1,0,0,0,0,0,0
20220701,249517,208100,215949,159471,0,0,0,0,0,0,0,1,0,0,0,0,0
20220702,179108,135097,119348,97214,0,0,0,0,0,0,0,1,0,0,0,0,0
20220703,155429,120066,101692,85402,1,0,0,0,0,0,0,1,0,0,0,0,0
20220704,217895,187508,185310,140663,0,0,0,0,0,0,0,1,0,0,0,0,0
20220705,215199,185042,181436,138628,0,0,0,0,0,0,0,1,0,0,0,0,0
20220706,224801,191186,185231,141549,0,0,0,0,0,0,0,1,0,0,0,0,0
20220707,232123,194030,201979,145067,0,0,0,0,0,0,0,1,0,0,0,0,0
20220708,249517,208100,215949,159471,0,0,0,0,0,0,0,1,0,0,0,0,0
20220709,219313,172396,162540,125892,0,0,0,0,0,0,0,1,0,0,0,0,0
20220710,197479,160133,149125,121389,1,0,0,0,0,0,0,1,0,0,0,0,0
20220711,249701,208100,217655,159471,0,0,0,0,0,0,0,1,0,0,0,0,0
20220712,248868,206955,217655,159471,0,0,0,0,0,0,0,1,0,0,0,0,0
20220713,249259,207268,215949,159471,0,0,0,0,0,0,0,1,0,0,0,0,0
20220714,248685,206955,215949,159471,0,0,0,0,0,0,0,1,0,0,0,0,0
20220715,249257,207268,217655,159471,0,0,0,0,0,0,0,1,0,0,0,0,0
20220716,206861,160714,160018,122526,0,0,0,0,0,0,0,1,0,0,0,0,0
20220717,172212,126240,109331,91214,1,0,0,0,0,0,0,1,0,0,0,0,0
20220718,197083,146855,131075,103628,0,0,0,0,0,0,0,1,0,0,0,0,0
20220719,249257,207268,217655,159471,0,0,0,0,0,0,0,1,0,0,0,0,0
20220720,249257,207268,217655,159471,0,0,0,0,0,0,0,1,0,0,0,0,0
20220721,249257,206885,215533,159471,0,0,0,0,0,0,0,1,0,0,0,0,0
20220722,249672,207995,221361,161883,0,0,0,0,0,0,0,1,0,0,0,0,0
20220723,167752,126127,117955,95116,0,0,0,0,0,0,0,1,0,0,0,0,0
20220724,176778,127398,119017,98326,1,0,0,0,0,0,0,1,0,0,0,0,0
20220725,249257,207268,217655,159471,0,0,0,0,0,0,0,1,0,0,0,0,0
20220726,248869,206955,215949,159471,0,0,0,0,0,0,0,1,0,0,0,0,0
20220727,253819,211270,226420,165796,0,0,0,0,0,0,0,1,0,0,0,0,0
20220728,251790,207995,221361,161883,0,0,0,0,0,0,0,1,0,0,0,0,0
20220729,249672,207995,215692,159741,0,0,0,0,0,0,0,1,0,0,0,0,0
20220730,181193,142585,135910,105701,0,0,0,0,0,0,0,1,0,0,0,0,0
20220731,162110,110686,116507,91204,1,0,0,0,0,0,0,1,0,0,0,0,0
20220801,250044,208301,218951,160108,0,0,0,0,0,0,0,0,1,0,0,0,0
20220802,249259,207268,215949,159471,0,0,0,0,0,0,0,0,1,0,0,0,0
20220803,249672,207995,221630,161883,0,0,0,0,0,0,0,0,1,0,0,0,0
20220804,253819,211270,223658,164020,0,0,0,0,0,0,0,0,1,0,0,0,0
20220805,261756,212877,223393,165445,0,0,0,0,0,0,0,0,1,0,0,0,0
20220806,170204,137281,130726,105249,0,0,0,0,0,0,0,0,1,0,0,0,0
20220807,164871,128106,103472,92161,1,0,0,0,0,0,0,0,1,0,0,0,0
20220808,249672,207995,217836,160108,0,0,0,0,0,0,0,0,1,0,0,0,0
20220809,246172,204059,215949,159471,0,0,0,0,0,0,0,0,1,0,0,0,0
20220810,261756,213418,226197,167372,0,0,0,0,0,0,0,0,1,0,0,0,0
20220811,260754,211961,224898,167248,0,0,0,0,0,0,0,0,1,0,0,0,0
20220812,261756,212877,222893,165445,0,0,0,0,0,0,0,0,1,0,0,0,0
20220813,184792,150561,152385,117801,0,0,0,0,0,0,0,0,1,0,0,0,0
20220814,166012,120950,108921,88403,1,0,0,0,0,0,0,0,1,0,0,0,0
20220815,261756,213418,226197,167372,0,0,0,0,0,0,0,0,1,0,0,0,0
20220816,261756,213418,225698,167372,0,0,0,0,0,0,0,0,1,0,0,0,0
20220817,261756,212877,222893,165445,0,0,0,0,0,0,0,0,1,0,0,0,0
20220818,261756,212877,220914,165445,0,0,0,0,0,0,0,0,1,0,0,0,0
20220819,254388,202229,212302,158079,0,0,0,0,0,0,0,0,1,0,0,0,0
20220820,181869,142585,135910,105701,0,0,0,0,0,0,0,0,1,0,0,0,0
20220821,188702,142392,141769,113907,1,0,0,0,0,0,0,0,1,0,0,0,0
20220822,158090,124595,101692,85402,0,0,0,0,0,0,0,0,1,0,0,0,0
20220823,158090,124595,101692,85402,0,0,0,0,0,0,0,0,1,0,0,0,0
20220824,138038,104376,80355,69208,0,0,0,0,0,0,0,0,1,0,0,0,0
20220825,249259,207268,215949,159471,0,0,0,0,0,0,0,0,1,0,0,0,0
20220826,261756,213418,227437,169147,0,0,0,0,0,0,0,0,1,0,0,0,0
20220827,187706,148053,134279,107639,0,0,0,0,0,0,0,0,1,0,0,0,0
20220828,179248,134741,120151,103723,1,0,0,0,0,0,0,0,1,0,0,0,0
20220829,262364,213418,227437,169147,0,0,0,0,0,0,0,0,1,0,0,0,0
20220830,261756,213418,227437,169147,0,0,0,0,0,0,0,0,1,0,0,0,0
20220831,254088,211270,222244,165796,0,0,0,0,0,0,0,0,1,0,0,0,0
20220901,261756,213418,226197,167372,0,0,0,0,0,0,0,0,0,1,0,0,0
20220902,254388,202229,214780,158079,0,0,0,0,0,0,0,0,0,1,0,0,0
20220903,177635,144115,160259,120636,0,0,0,0,0,0,0,0,0,1,0,0,0
20220904,186662,148491,146325,109947,1,0,0,0,0,0,0,0,0,1,0,0,0
20220905,206861,160714,160018,122526,0,0,0,0,0,0,0,0,0,1,0,0,0
20220906,261756,213418,227437,169147,0,0,0,0,0,0,0,0,0,1,0,0,0
20220907,260754,211961,226968,169023,0,0,0,0,0,0,0,0,0,1,0,0,0
20220908,261756,213418,226197,167372,0,0,0,0,0,0,0,0,0,1,0,0,0
20220909,261756,212877,223393,165445,0,0,0,0,0,0,0,0,0,1,0,0,0
20220910,158003,128937,133206,102481,0,0,0,0,0,0,0,0,0,1,0,0,0
20220911,179248,134741,120151,103723,1,0,0,0,0,0,0,0,0,1,0,0,0
20220912,185094,144874,123730,101556,0,0,0,0,0,0,0,0,0,1,0,0,0
20220913,261756,213418,226197,167372,0,0,0,0,0,0,0,0,0,1,0,0,0
20220914,257489,210796,220252,165445,0,0,0,0,0,0,0,0,0,1,0,0,0
20220915,261756,213418,226197,167372,0,0,0,0,0,0,0,0,0,1,0,0,0
20220916,260941,211361,214083,161959,0,0,0,0,0,0,0,0,0,1,0,0,0
20220917,185104,149091,159955,120121,0,0,0,0,0,0,0,0,0,1,0,0,0
20220918,150545,112516,100506,83334,1,0,0,0,0,0,0,0,0,1,0,0,0
20220919,261756,213418,226197,167372,0,0,0,0,0,0,0,0,0,1,0,0,0
20220920,261756,213418,226197,167372,0,0,0,0,0,0,0,0,0,1,0,0,0
20220921,264041,219730,219042,166252,0,0,0,0,0,0,0,0,0,1,0,0,0
20220922,264041,220271,221846,168178,0,0,0,0,0,0,0,0,0,1,0,0,0
20220923,245239,195957,201196,152916,0,0,0,0,0,0,0,0,0,1,0,0,0
20220924,200483,152696,147590,114124,0,0,0,0,0,0,0,0,0,1,0,0,0
20220925,213013,167485,157741,119687,1,0,0,0,0,0,0,0,0,1,0,0,0
20220926,269350,222351,228605,168710,0,0,0,0,0,0,0,0,0,1,0,0,0
20220927,259510,211361,210022,161144,0,0,0,0,0,0,0,0,0,1,0,0,0
20220928,246671,195957,205256,153731,0,0,0,0,0,0,0,0,0,1,0,0,0
20220929,246671,195957,205256,153731,0,0,0,0,0,0,0,0,0,1,0,0,0
20220930,224508,187984,192208,148692,0,0,0,0,0,0,0,0,0,1,0,0,0
20221001,209309,169436,164679,129580,0,0,0,0,0,0,0,0,0,0,1,0,0
20221002,210193,161983,167809,125113,1,0,0,0,0,0,0,0,0,0,1,0,0
20221003,264041,219730,218542,166252,0,0,0,0,0,0,0,0,0,0,1,0,0
20221004,245239,195957,205256,153731,0,0,0,0,0,0,0,0,0,0,1,0,0
20221005,226893,187984,194480,148692,0,0,0,0,0,0,0,0,0,0,1,0,0
20221006,226893,187984,194480,148692,0,0,0,0,0,0,0,0,0,0,1,0,0
20221007,204142,170757,179900,137675,0,0,0,0,0,0,0,0,0,0,1,0,0
20221008,206040,179505,168861,133028,0,0,0,0,0,0,0,0,0,0,1,0,0
20221009,209517,161983,167578,125113,1,0,0,0,0,0,0,0,0,0,1,0,0
20221010,260754,211961,226968,169023,0,0,0,0,0,0,0,0,0,0,1,0,0
20221011,257489,211337,223056,167372,0,0,0,0,0,0,0,0,0,0,1,0,0
20221012,226893,187984,194480,148692,0,0,0,0,0,0,0,0,0,0,1,0,0
20221013,225042,187984,192715,148692,0,0,0,0,0,0,0,0,0,0,1,0,0
20221014,204142,170757,179900,137779,0,0,0,0,0,0,0,0,0,0,1,0,0
20221015,202827,156733,151441,115790,0,0,0,0,0,0,0,0,0,0,1,0,0
20221016,206861,160714,160250,122526,1,0,0,0,0,0,0,0,0,0,1,0,0
20221017,264041,219730,219042,166252,0,0,0,0,0,0,0,0,0,0,1,0,0
20221018,245239,195957,201196,152916,0,0,0,0,0,0,0,0,0,0,1,0,0
20221019,225042,187984,192715,148692,0,0,0,0,0,0,0,0,0,0,1,0,0
20221020,245239,195957,205256,153731,0,0,0,0,0,0,0,0,0,0,1,0,0
20221021,204142,170757,179900,137779,0,0,0,0,0,0,0,0,0,0,1,0,0
20221022,211144,169130,160339,129580,0,0,0,0,0,0,0,0,0,0,1,0,0
20221023,199445,154993,153284,115327,1,0,0,0,0,0,0,0,0,0,1,0,0
20221024,264041,219730,219042,166252,0,0,0,0,0,0,0,0,0,0,1,0,0
20221025,245239,195957,205756,153731,0,0,0,0,0,0,0,0,0,0,1,0,0
20221026,226893,187984,194979,148692,0,0,0,0,0,0,0,0,0,0,1,0,0
20221027,226893,187984,194480,148692,0,0,0,0,0,0,0,0,0,0,1,0,0
20221028,224508,186797,192208,146439,0,0,0,0,0,0,0,0,0,0,1,0,0
20221029,215006,165932,164290,122975,0,0,0,0,0,0,0,0,0,0,1,0,0
20221030,204584,157390,157451,121181,1,0,0,0,0,0,0,0,0,0,1,0,0
20221031,264041,219730,219042,166252,0,0,0,0,0,0,0,0,0,0,1,0,0
20221101,261756,213418,227706,169147,0,0,0,0,0,0,0,0,0,0,0,1,0
20221102,249771,204327,210215,158024,0,0,0,0,0,0,0,0,0,0,0,1,0
20221103,249771,204327,210215,158024,0,0,0,0,0,0,0,0,0,0,0,1,0
20221104,225042,186797,192715,146927,0,0,0,0,0,0,0,0,0,0,0,1,0
20221105,185038,151557,163449,122670,0,0,0,0,0,0,0,0,0,0,0,1,0
20221106,162613,120802,107281,86514,1,0,0,0,0,0,0,0,0,0,0,1,0
20221107,261756,213418,226197,167372,0,0,0,0,0,0,0,0,0,0,0,1,0
20221108,264041,220271,221846,168178,0,0,0,0,0,0,0,0,0,0,0,1,0
20221109,264041,219730,219042,166252,0,0,0,0,0,0,0,0,0,0,0,1,0
20221110,261756,213418,226197,167372,0,0,0,0,0,0,0,0,0,0,0,1,0
20221111,246671,195957,205756,153731,0,0,0,0,0,0,0,0,0,0,0,1,0
20221112,180057,147527,168205,124168,0,0,0,0,0,0,0,0,0,0,0,1,0
20221113,166243,120950,109434,88403,1,0,0,0,0,0,0,0,0,0,0,1,0
20221114,250092,207961,222277,165254,0,0,0,0,0,0,0,0,0,0,0,1,0
20221115,261756,213418,227437,169147,0,0,0,0,0,0,0,0,0,0,0,1,0
20221116,257489,211337,223056,167372,0,0,0,0,0,0,0,0,0,0,0,1,0
20221117,257489,210796,220252,165445,0,0,0,0,0,0,0,0,0,0,0,1,0
20221118,240542,188465,205954,151917,0,0,0,0,0,0,0,0,0,0,0,1,0
20221119,190336,154644,168205,124168,0,0,0,0,0,0,0,0,0,0,0,1,0
20221120,166243,120758,109434,88403,1,0,0,0,0,0,0,0,0,0,0,1,0
20221121,257489,211337,223056,167372,0,0,0,0,0,0,0,0,0,0,0,1,0
20221122,243642,197033,211425,159283,0,0,0,0,0,0,0,0,0,0,0,1,0
20221123,222195,180492,199237,147693,0,0,0,0,0,0,0,0,0,0,0,1,0
20221124,222195,180492,198738,147693,0,0,0,0,0,0,0,0,0,0,0,1,0
20221125,221661,180017,191326,145105,0,0,0,0,0,0,0,0,0,0,0,1,0
20221126,182466,146626,148738,114931,0,0,0,0,0,0,0,0,0,0,0,1,0
20221127,174579,138518,109523,94006,1,0,0,0,0,0,0,0,0,0,0,1,0
20221128,250915,209164,224877,165525,0,0,0,0,0,0,0,0,0,0,0,1,0
20221129,260754,211961,224898,167248,0,0,0,0,0,0,0,0,0,0,0,1,0
20221130,240542,188465,205954,151917,0,0,0,0,0,0,0,0,0,0,0,1,0
